15,47.03,19.83,27.2,200,0.87,0.35,0.35,47.9
16,47.88,20.78,27.1,200,0.52,0.21,0.21,48.4
17,47.49,20.3,27.19,200,1.41,0.5600000000000001,0.5599999999999999,48.9
18,47.61,20.54,27.07,200,1.79,0.72,0.72,49.4
19,47.63,20.54,27.09,200,2.27,0.91,0.91,49.9
20,47.15,20.06,27.09,200,3.25,1.3,1.3,50.4
21,47.16,20.06,27.1,200,3.74,1.5,1.5,50.9
22,47.64,20.54,27.1,200,3.76,1.51,1.51,51.4
23,47.64,20.54,27.1,200,4.26,1.71,1.71,51.9
24,47.16,20.06,27.1,200,5.24,2.1,2.1,52.4
25,47.49,20.3,27.19,200,5.41,2.17,2.17,52.9
26,47.5,20.3,27.2,200,5.9,2.36,2.36,53.4
27,47.16,20.06,27.1,200,6.74,2.7,2.7,53.9
28,47.41,20.3,27.11,200,6.99,2.8,2.8,54.4
29,47.86,20.78,27.09,200,7.04,2.82,2.82,54.9
30,47.88,20.78,27.1,200,7.52,3.01,3.01,55.4
31,47.63,20.54,27.09,200,8.27,3.31,3.31,55.9
32,46.91,19.83,27.09,200,9.49,3.8,3.8,56.4
33,47.49,20.3,27.19,200,9.41,3.77,3.77,56.9
34,47.86,20.78,27.09,200,9.539999999999999,3.82,3.82,57.4
35,47.86,20.78,27.09,200,10.04,4.02,4.02,57.9
36,47.39,20.3,27.09,200,11.01,4.41,4.41,58.4
37,47.63,20.54,27.09,200,11.27,4.52,4.52,58.9
38,48.1,21.02,27.09,200,11.3,4.53,4.53,59.4
39,47.5,20.3,27.2,200,12.4,4.97,4.97,59.9
40,47.4,20.3,27.1,200,13,5.21,5.21,60.4
41,47.64,20.54,27.1,200,13.26,5.31,5.31,60.9
42,47.27,20.06,27.2,200,14.13,5.66,5.66,61.4
43,47.18,20.06,27.11,200,14.73,5.9,5.899999999999999,61.9
44,47.88,20.78,27.1,200,14.52,5.82,5.82,62.4
45,47.49,20.3,27.19,200,15.41,6.18,6.18,62.9
46,48.12,21.02,27.1,200,15.29,6.13,6.13,63.4
47,47.49,20.3,27.19,200,16.41,6.58,6.58,63.9
48,47.49,20.3,27.19,200,16.91,6.78,6.78,64.40000000000001
49,48.12,21.02,27.1,200,16.79,6.73,6.73,64.90000000000001
50,47.88,20.78,27.1,200,17.52,7.03,7.03,65.40000000000001
51,47.52,20.3,27.22,200,18.38,7.37,7.37,65.90000000000001
52,47.89,20.78,27.11,200,18.51,7.42,7.42,66.40000000000001
53,47.52,20.3,27.22,200,19.38,7.77,7.77,66.90000000000001
54,48.13,21.02,27.11,200,19.27,7.73,7.73,67.40000000000001
55,47.89,20.78,27.11,200,20.01,8.02,8.02,67.90000000000001
56,47.77,20.54,27.23,200,20.63,8.27,8.27,68.40000000000001
57,48.13,21.02,27.11,200,20.77,8.33,8.33,68.90000000000001
58,47.92,20.78,27.14,200,21.48,8.619999999999999,8.619999999999999,69.40000000000001
59,47.52,20.3,27.22,200,22.38,8.98,8.98,69.90000000000001
60,47.52,20.3,27.22,200,22.88,9.18,9.180000000000001,70.40000000000001
61,48.13,21.02,27.11,200,22.77,9.140000000000001,9.139999999999999,70.90000000000001
62,48.13,21.02,27.11,200,23.27,9.34,9.34,71.40000000000001
63,48.13,21.02,27.11,200,23.77,9.539999999999999,9.539999999999999,71.90000000000001
64,47.76,20.54,27.22,200,24.65,9.890000000000001,9.890000000000001,72.40000000000001
65,48.14,21.02,27.12,200,24.76,9.94,9.94,72.90000000000001
66,47.77,20.54,27.23,200,25.63,10.29,10.29,73.40000000000001
67,47.77,20.54,27.23,200,26.13,10.49,10.49,73.90000000000001
68,48.01,20.78,27.23,200,26.39,10.59,10.59,74.40000000000001
69,48.14,21.02,27.12,200,26.76,10.74,10.74,74.90000000000001
70,48.39,21.25,27.14,200,27.01,10.84,10.84,75.40000000000001
71,48.62,21.49,27.12,200,27.28,10.95,10.95,75.90000000000001
72,47.79,20.54,27.25,200,28.61,11.48,11.48,76.40000000000001
73,48.02,20.78,27.24,200,28.88,11.59,11.59,76.90000000000001
74,48.24,21.02,27.23,200,29.16,11.71,11.71,77.40000000000001
75,48.26,21.02,27.24,200,29.64,11.9,11.9,77.90000000000001
76,48.15,21.02,27.14,200,30.25,12.15,12.15,78.40000000000001
77,48.15,21.02,27.14,200,30.75,12.35,12.35,78.90000000000001
78,48.27,21.02,27.25,200,31.13,12.5,12.5,79.40000000000001
79,48.26,21.02,27.24,200,31.64,12.71,12.71,79.90000000000001
80,48.27,21.02,27.25,200,32.13,12.91,12.91,80.40000000000001
81,48.27,21.02,27.25,200,32.63,13.11,13.11,80.90000000000001
82,48.27,21.02,27.25,200,33.13,13.31,13.31,81.40000000000001
83,48.17,21.02,27.15,200,33.73,13.55,13.55,81.90000000000001
84,48.41,21.25,27.15,200,33.99,13.66,13.66,82.40000000000001
85,48.06,20.78,27.28,200,34.84,14,14,82.90000000000001
86,48.28,21.02,27.27,200,35.12,14.11,14.11,83.40000000000001
87,48.28,21.02,27.27,200,35.62,14.31,14.31,83.90000000000001
88,48.18,21.02,27.16,200,36.22,14.56,14.56,84.40000000000001
89,48.28,21.02,27.27,200,36.62,14.72,14.72,84.90000000000001
90,48.66,21.49,27.16,200,36.74,14.77,14.77,85.40000000000001
91,48.28,21.02,27.27,200,37.62,15.12,15.12,85.90000000000001
92,48.42,21.25,27.16,200,37.98,15.27,15.27,86.40000000000001
93,48.42,21.25,27.16,200,38.48,15.47,15.47,86.90000000000001
94,48.54,21.25,27.28,200,38.87,15.62,15.62,87.40000000000001
95,49.36,22.21,27.15,200,38.54,15.5,15.5,87.90000000000001
96,49.6,22.45,27.15,200,38.8,15.6,15.6,88.40000000000001
97,49.37,22.21,27.16,200,39.53,15.9,15.9,88.90000000000001
98,49.39,22.21,27.18,200,40.02,16.09,16.09,89.40000000000001
99,49.86,22.69,27.18,200,40.04,16.1,16.1,89.90000000000001
100,49.16,21.97,27.19,200,41.24,16.59,16.59,90.40000000000001
101,49.49,22.21,27.28,200,41.41,16.66,16.66,90.90000000000001
102,49.73,22.45,27.28,200,41.67,16.76,16.76,91.40000000000001
103,50.09,22.92,27.16,200,41.81,16.82,16.82,91.90000000000001
104,49.88,22.69,27.19,200,42.53,17.11,17.11,92.40000000000001
105,49.88,22.69,27.19,200,43.03,17.31,17.31,92.90000000000001
106,49.73,22.45,27.28,200,43.67,17.57,17.57,93.40000000000001
107,49.88,22.69,27.19,200,44.03,17.72,17.72,93.90000000000001
108,49.88,22.69,27.19,200,44.53,17.92,17.92,94.40000000000001
109,49.89,22.69,27.2,200,45.01,18.11,18.11,94.90000000000001
110,49.88,22.69,27.19,200,45.53,18.32,18.32,95.40000000000001
111,50.35,23.16,27.19,200,45.55,18.33,18.33,95.90000000000001
112,49.89,22.69,27.2,200,46.51,18.72,18.72,96.40000000000001
113,50.14,22.92,27.22,200,46.76,18.82,18.82,96.90000000000001
114,49.97,22.69,27.28,200,47.43,19.09,19.09,97.40000000000001
115,49.98,22.69,27.29,200,47.92,19.29,19.29,97.90000000000001
116,50.37,23.16,27.2,200,48.04,19.34,19.34,98.40000000000001
117,50.6,23.4,27.2,200,48.3,19.45,19.45,98.90000000000001
118,51.08,23.88,27.2,200,48.32,19.46,19.46,99.40000000000001
119,51.32,24.12,27.2,200,48.58,19.57,19.57,99.90000000000001
120,51.32,24.12,27.2,200,49.08,19.77,19.77,100.4
121,51.65,24.36,27.29,200,49.25,19.84,19.84,100.9
122,51.33,24.12,27.22,200,50.07,20.17,20.17,101.4
123,51.32,24.12,27.2,200,50.58,20.38,20.38,101.9
124,51.32,24.12,27.2,200,51.08,20.58,20.58,102.4
125,51.57,24.36,27.22,200,51.33,20.68,20.68,102.9
126,51.57,24.36,27.22,200,51.83,20.88,20.88,103.4
127,52.06,24.83,27.23,200,51.84,20.89,20.89,103.9
128,52.38,25.07,27.31,200,52.02,20.96,20.96,104.4
129,52.06,24.83,27.23,200,52.84,21.29,21.29,104.9
130,52.39,25.07,27.32,200,53.01,21.36,21.36,105.4
131,52.39,25.07,27.32,200,53.51,21.57,21.57,105.9
132,52.39,25.07,27.32,200,54.01,21.77,21.77,106.4
133,51.91,24.59,27.32,200,54.99,22.16,22.16,106.9
134,52.4,25.07,27.33,200,55,22.17,22.17,107.4
135,53.48,26.27,27.22,200,54.42,21.94,21.94,107.9
136,53.72,26.51,27.22,200,54.68,22.05,22.05,108.4
137,53.72,26.51,27.22,200,55.18,22.25,22.25,108.9
138,53.72,26.51,27.22,200,55.68,22.45,22.45,109.4
139,53.72,26.51,27.22,200,56.18,22.66,22.66,109.9
140,53.96,26.74,27.22,200,56.44,22.76,22.76,110.4
141,55.27,27.94,27.33,200,55.63,22.44,22.44,110.9
142,55.27,27.94,27.33,200,56.13,22.65,22.65,111.4
143,55.18,27.94,27.24,200,56.72,22.88,22.88,111.9
144,55.5,28.18,27.32,200,56.9,22.96,22.96,112.4
145,55.98,28.66,27.32,200,56.92,22.97,22.97,112.9
146,55.87,28.66,27.22,200,57.53,23.22,23.22,113.4
147,55.87,28.66,27.22,200,58.03,23.42,23.42,113.9
148,55.98,28.66,27.32,200,58.42,23.58,23.58,114.4
149,56.34,29.14,27.2,200,58.56,23.64,23.64,114.9
150,56.35,29.14,27.22,200,59.05,23.84,23.84,115.4
151,56.59,29.38,27.22,200,59.31,23.94,23.94,115.9
152,56.83,29.61,27.22,200,59.57,24.05,24.05,116.4
153,56.95,29.61,27.33,200,59.95,24.21,24.21,116.9
154,57.07,29.85,27.22,200,60.33,24.36,24.36,117.4
155,57.55,30.33,27.22,200,60.35,24.37,24.37,117.9
156,57.55,30.33,27.22,200,60.85,24.58,24.58,118.4
157,57.33,30.09,27.24,200,61.57,24.86,24.86,118.9
158,57.55,30.33,27.22,200,61.85,24.98,24.98,119.4
159,58.62,31.29,27.33,200,61.28,24.76,24.76,119.9
160,57.55,30.33,27.22,200,62.85,25.39,25.39,120.4
161,57.55,30.33,27.22,200,63.35,25.59,25.59,120.9
162,57.79,30.57,27.22,200,63.61,25.7,25.7,121.4
163,58.52,31.29,27.23,200,63.38,25.61,25.61,121.9
164,59.58,32.25,27.33,200,62.82,25.39,25.39,122.4
165,59,31.77,27.23,200,63.9,25.82,25.82,122.9
166,59.82,32.49,27.33,200,63.58,25.7,25.7,123.4
167,59.83,32.49,27.35,200,64.06999999999999,25.9,25.9,123.9
168,60.06,32.73,27.33,200,64.34,26.01,26.01,124.4
169,59.83,32.49,27.35,200,65.06999999999999,26.3,26.3,124.9
170,60.69,33.45,27.24,200,64.70999999999999,26.16,26.16,125.4
171,59.82,32.49,27.33,200,66.08,26.71,26.71,125.9
172,61.15,33.93,27.23,200,65.25,26.38,26.38,126.4
173,60.06,32.73,27.33,200,66.84,27.03,27.03,126.9
174,61.39,34.17,27.23,200,66.01000000000001,26.69,26.69,127.4
175,61.41,34.17,27.24,200,66.48999999999999,26.89,26.89,127.9
176,62.71,35.37,27.35,200,65.69,26.57,26.57,128.4
177,62.83,35.61,27.23,200,66.06999999999999,26.73,26.73,128.9
178,63.58,36.33,27.25,200,65.81999999999999,26.63,26.63,129.4
179,63.57,36.33,27.24,200,66.33,26.84,26.84,129.9
180,63.68,36.33,27.36,200,66.72,27,27,130.4
181,63.58,36.33,27.25,200,67.31999999999999,27.24,27.24,130.9
182,64.05,36.81,27.24,200,67.34999999999999,27.26,27.26,131.4
183,63.82,36.57,27.25,200,68.08,27.55,27.55,131.9
184,64.06,36.81,27.25,200,68.34,27.66,27.66,132.4
185,64.42,37.05,27.37,200,68.48,27.72,27.72,132.9
186,65.03,37.77,27.27,200,68.37,27.68,27.68,133.4
187,64.88,37.53,27.36,200,69.02,27.94,27.94,133.9
188,65.03,37.77,27.27,200,69.37,28.09,28.09,134.4
189,65.62,38.25,27.37,200,69.28,28.06,28.06,134.9
190,65.27,38.01,27.27,200,70.13,28.4,28.4,135.4
191,65.27,38.01,27.27,200,70.63,28.6,28.6,135.9
192,66.23,38.97,27.27,200,70.17,28.42,28.42,136.4
193,66.72,39.45,27.27,200,70.19,28.43,28.43,136.9
194,66.72,39.45,27.27,200,70.69,28.63,28.63,137.4
195,67.18000000000001,39.93,27.25,200,70.72,28.65,28.65,137.9
196,66.95999999999999,39.69,27.27,200,71.44,28.95,28.95,138.4
197,67.68000000000001,40.41,27.27,200,71.22,28.86,28.86,138.9
198,68.02,40.65,27.37,200,71.38,28.93,28.93,139.4
199,68.16,40.89,27.27,200,71.73999999999999,29.08,29.08,139.9
200,67.56999999999999,40.17,27.4,200,72.83,29.52,29.52,140.4
201,68.02,40.65,27.37,200,72.88,29.54,29.54,140.9
202,69.23999999999999,41.85,27.38,200,72.16,29.25,29.25,141.4
203,69.36,42.09,27.27,200,72.54000000000001,29.41,29.41,141.9
204,70.67,43.3,27.37,200,71.73,29.09,29.09,142.4
205,71.29000000000001,44.02,27.27,200,71.61,29.05,29.05,142.9
206,71.29000000000001,44.02,27.27,200,72.11,29.25,29.25,143.4
207,71.3,44.02,27.28,200,72.59999999999999,29.45,29.45,143.9
208,71.78,44.5,27.28,200,72.62,29.46,29.46,144.4
209,72.02,44.74,27.28,200,72.88,29.57,29.57,144.9
210,72.53,45.22,27.31,200,72.87,29.57,29.57,145.4
211,73.25,45.95,27.31,200,72.65000000000001,29.48,29.48,145.9
212,71.89,44.5,27.38,200,74.52,30.23,30.23,146.4
213,73.70999999999999,46.43,27.28,200,73.19,29.71,29.71,146.9
214,72.87,45.46,27.41,200,74.53,30.24,30.24,147.4
215,74.2,46.91,27.29,200,73.7,29.91,29.91,147.9
216,74.2,46.91,27.29,200,74.2,30.12,30.12,148.4
217,74.45999999999999,47.15,27.31,200,74.44,30.22,30.22,148.9
218,74.93000000000001,47.63,27.29,200,74.47,30.24,30.24,149.4
219,74.78,47.39,27.38,200,75.12,30.5,30.5,149.9
220,75.42,48.12,27.31,200,74.98,30.45,30.45,150.4
221,75.89,48.6,27.29,200,75.01000000000001,30.46,30.46,150.9
222,76.15000000000001,48.84,27.31,200,75.25,30.56,30.56,151.4
223,76.64,49.32,27.32,200,75.26000000000001,30.57,30.57,151.9
224,76.87,49.56,27.31,200,75.53,30.68,30.68,152.4
225,76.88,49.56,27.32,200,76.02,30.88,30.88,152.9
226,78.42,51.01,27.41,200,74.98,30.47,30.47,153.4
227,79.3,51.98,27.32,200,74.59999999999999,30.32,30.32,153.9
228,78.7,51.25,27.45,200,75.7,30.76,30.76,154.4
229,79.06,51.74,27.32,200,75.84,30.83,30.83,154.9
230,79.3,51.98,27.32,200,76.09999999999999,30.93,30.93,155.4
231,79.3,51.98,27.32,200,76.59999999999999,31.14,31.14,155.9
232,79.54000000000001,52.22,27.32,200,76.86,31.24,31.24,156.4
233,80.27,52.95,27.32,200,76.64,31.16,31.16,156.9
234,80.75,53.43,27.32,200,76.65000000000001,31.17,31.17,157.4
235,80.75,53.43,27.32,200,77.15000000000001,31.37,31.37,157.9
236,81.23,53.91,27.32,200,77.17,31.38,31.38,158.4
237,80.98999999999999,53.67,27.32,200,77.91,31.68,31.68,158.9
238,81.83,54.4,27.44,200,77.56999999999999,31.55,31.55,159.4
239,82.56,55.12,27.44,200,77.34,31.46,31.46,159.9
240,82.45,55.12,27.33,200,77.95,31.71,31.71,160.4
241,83.54000000000001,56.09,27.45,200,77.36,31.48,31.48,160.9
242,83.06999999999999,55.61,27.46,200,78.33,31.87,31.87,161.4
243,83.89,56.57,27.32,200,78.01000000000001,31.75,31.75,161.9
244,83.06999999999999,55.61,27.46,200,79.33,32.28,32.28,162.4
245,84.26000000000001,56.82,27.45,200,78.64,32.01,32.01,162.9
246,85.23,57.78,27.45,200,78.17,31.82,31.82,163.4
247,86.34,59,27.35,200,77.56,31.58,31.58,163.9
248,86.81,59.48,27.33,200,77.59,31.6,31.6,164.4
249,87.3,59.96,27.33,200,77.59999999999999,31.61,31.61,164.9
250,87.55,60.21,27.35,200,77.84999999999999,31.71,31.71,165.4
251,86.94,59.48,27.46,200,78.95999999999999,32.16,32.16,165.9
252,87.79000000000001,60.45,27.35,200,78.61,32.02,32.02,166.4
253,87.18000000000001,59.72,27.46,200,79.72,32.47,32.47,166.9
254,89.01000000000001,61.66,27.35,200,78.39,31.94,31.94,167.4
255,89.76000000000001,62.39,27.37,200,78.14,31.85,31.85,167.9
256,88.17,60.69,27.47,200,80.23,32.69,32.69,168.4
257,90.01000000000001,62.63,27.38,200,78.89,32.15,32.15,168.9
258,90.72,63.36,27.36,200,78.68000000000001,32.08,32.08,169.4
259,90.72,63.36,27.36,200,79.18000000000001,32.28,32.28,169.9
260,90.97,63.6,27.37,200,79.43000000000001,32.38,32.38,170.4
261,91.45999999999999,64.09,27.37,200,79.44,32.39,32.39,170.9
262,92.17,64.81,27.36,200,79.23,32.31,32.31,171.4
263,92.40000000000001,65.06,27.35,200,79.5,32.42,32.42,171.9
264,92.28,64.81,27.46,200,80.12,32.68,32.68,172.4
265,93.73,66.27,27.46,200,79.17,32.3,32.3,172.9
266,94.22,66.76000000000001,27.46,200,79.18000000000001,32.31,32.31,173.4
267,94.59999999999999,67.23999999999999,27.36,200,79.3,32.36,32.36,173.9
268,94.59999999999999,67.23999999999999,27.36,200,79.8,32.56,32.56,174.4
269,95.09,67.73,27.36,200,79.81,32.57,32.57,174.9
270,95.11,67.73,27.38,200,80.29000000000001,32.76,32.76,175.4
271,95.73,68.20999999999999,27.51,200,80.17,32.72,32.72,175.9
272,96.55,69.19,27.36,200,79.86,32.6,32.6,176.4
273,96.65000000000001,69.19,27.46,200,80.25,32.76,32.76,176.9
274,96.56,69.19,27.37,200,80.84,33,33,177.4
275,97.77,70.40000000000001,27.37,200,80.13,32.72,32.72,177.9
276,97.76000000000001,70.40000000000001,27.36,200,80.64,32.93,32.93,178.4
277,98,70.65000000000001,27.36,200,80.90000000000001,33.04,33.04000000000001,178.9
278,98.59,71.13,27.46,200,80.81,33,33,179.4
279,99.45999999999999,72.11,27.36,200,80.44,32.86,32.86,179.9
280,99.95,72.59,27.36,200,80.45,32.87,32.87,180.4
281,99.81999999999999,72.34999999999999,27.47,200,81.08,33.12,33.12,180.9
282,100.8,73.31999999999999,27.47,200,80.59999999999999,32.94,32.94,181.4
283,101.77,74.3,27.47,200,80.13,32.75,32.75,181.9
284,102.64,75.27,27.37,200,79.76000000000001,32.61,32.61,182.4
285,102.17,74.78,27.38,200,80.73,33,33,182.9
286,102.04,74.54000000000001,27.5,200,81.36,33.26,33.26,183.4
287,102.51,75.03,27.49,200,81.39,33.27,33.27,183.9
288,104.1,76.73,27.37,200,80.3,32.84,32.84,184.4
289,104.35,76.98,27.37,200,80.55,32.95,32.95,184.9
290,104.83,77.45999999999999,27.37,200,80.56999999999999,32.96,32.96,185.4
291,105.08,77.70999999999999,27.37,200,80.81999999999999,33.06,33.06,185.9
292,105.32,77.95,27.37,200,81.08,33.17,33.17,186.4
293,104.95,77.45999999999999,27.49,200,81.95,33.52,33.52,186.9
294,106.31,78.93000000000001,27.38,200,81.09,33.18,33.18,187.4
295,106.8,79.41,27.38,200,81.09999999999999,33.19,33.19,187.9
296,107.27,79.90000000000001,27.37,200,81.13,33.21,33.21,188.4
297,108,80.63,27.37,200,80.90000000000001,33.12,33.12,188.9
298,108.26,80.88,27.38,200,81.14,33.22,33.22,189.4
299,108.63,81.12,27.51,200,81.27,33.27,33.27,189.9
300,109.52,82.09999999999999,27.42,200,80.88,33.12,33.12,190.4
301,110.09,82.58,27.5,200,80.81,33.1,33.1,190.9
302,110.21,82.83,27.38,200,81.19,33.25,33.25,191.4
303,110.47,83.06999999999999,27.4,200,81.43000000000001,33.36,33.36,191.9
304,110.96,83.56,27.4,200,81.44,33.36,33.36,192.4
305,111.69,84.29000000000001,27.4,200,81.20999999999999,33.27,33.27,192.9
306,111.79,84.29000000000001,27.5,200,81.61,33.44,33.44,193.4
307,112.04,84.54000000000001,27.5,200,81.86,33.54,33.54,193.9
308,112.44,85.03,27.41,200,81.95999999999999,33.59,33.59,194.4
309,113.03,85.52,27.51,200,81.87,33.56,33.56,194.9
310,113.67,86.25,27.42,200,81.73,33.5,33.5,195.4
311,114.39,86.98,27.41,200,81.51000000000001,33.42,33.42,195.9
312,115,87.47,27.53,200,81.40000000000001,33.38,33.38,196.4
313,114.29,86.73999999999999,27.55,200,82.61,33.87,33.87,196.9
314,115.41,87.95999999999999,27.45,200,81.98999999999999,33.63,33.63,197.4
315,115.87,88.45,27.42,200,82.03,33.64,33.64,197.9
316,117.34,89.91,27.42,200,81.06,33.26,33.26,198.4
317,118.07,90.65000000000001,27.42,200,80.83,33.17,33.17,198.9
318,118.07,90.65000000000001,27.42,200,81.33,33.38,33.38,199.4
319,118.32,90.89,27.42,200,81.58,33.48,33.48,199.9
320,119.05,91.63,27.42,200,80.95,33.23,33.23,200
321,119.4,91.87,27.53,200,80.59999999999999,33.1,33.1,200
322,119.78,92.36,27.42,200,80.22,32.95,32.95,200
323,119.78,92.36,27.42,200,80.22,32.95,32.95,200
324,119.78,92.36,27.42,200,80.22,32.95,32.95,200
325,121.61,94.08,27.54,200,78.39,32.23,32.23,200
326,121.76,94.31999999999999,27.44,200,78.23999999999999,32.17,32.17,200
327,122.23,94.81,27.42,200,77.77,31.99,31.99,200
328,121.65,94.08,27.58,200,78.34999999999999,32.22,32.22,200
329,123.72,96.28,27.44,200,76.28,31.4,31.4,200
330,123.7,96.28,27.42,200,76.3,31.41,31.41,200
331,123.95,96.52,27.42,200,76.05,31.32,31.32,200
332,125.28,97.75,27.53,200,74.72,30.79,30.79,200
333,126.4,98.97,27.42,200,73.59999999999999,30.34,30.34,200
334,125.91,98.48,27.42,200,74.09,30.54,30.54,200
335,126.4,98.97,27.42,200,73.59999999999999,30.35,30.35,200
336,127.15,99.70999999999999,27.44,200,72.84999999999999,30.06,30.06,200
337,127.64,100.2,27.44,200,72.36,29.86,29.86,200
338,127.64,100.2,27.44,200,72.36,29.87,29.87,200
339,127.73,100.2,27.53,200,72.27,29.83,29.83,200
340,129.1,101.67,27.42,200,70.90000000000001,29.29,29.29,200
341,130.08,102.65,27.42,200,69.92,28.9,28.9,200
342,129.95,102.41,27.54,200,70.05,28.96,28.96,200
343,130.06,102.65,27.41,200,69.94,28.91,28.91,200
344,131.02,103.63,27.38,200,68.98,28.54,28.54,200
345,131.26,103.88,27.38,200,68.73999999999999,28.44,28.44,200
346,131.51,104.13,27.38,200,68.48999999999999,28.35,28.35,200
347,132.84,105.35,27.49,200,67.16,27.82,27.82,200
348,133.09,105.6,27.49,200,66.91,27.72,27.72,200
349,134.21,106.83,27.38,200,65.79000000000001,27.28,27.28,200
350,133.98,106.58,27.4,200,66.02,27.37,27.37,200
351,133.84,106.33,27.5,200,66.16,27.43,27.43,200
352,135.7,108.3,27.4,200,64.3,26.69,26.69,200
353,134.57,107.07,27.5,200,65.43000000000001,27.14,27.14,200
354,136.19,108.79,27.4,200,63.81,26.5,26.5,200
355,135.58,108.05,27.53,200,64.42,26.75,26.75,200
356,136.07,108.55,27.53,200,63.93,26.55,26.55,200
357,137.46,110.02,27.44,200,62.54,26,26,200
358,137.95,110.51,27.44,200,62.05,25.81,25.81,200
359,137.31,109.77,27.54,200,62.69,26.07,26.07,200
360,138.05,110.51,27.54,200,61.95,25.77,25.77,200
361,138.54,111,27.54,200,61.46,25.58,25.58,200
362,139.65,112.23,27.42,200,60.35,25.14,25.14,200
363,141,113.46,27.54,200,59,24.6,24.6,200
364,141.63,114.2,27.44,200,58.37,24.35,24.35,200
365,141.63,114.2,27.44,200,58.37,24.36,24.36,200
366,141.87,114.44,27.42,200,58.13,24.27,24.27,200
367,141.98,114.44,27.54,200,58.02,24.22,24.22,200
368,142.48,114.94,27.54,200,57.52,24.03,24.03,200
369,143.6,116.17,27.44,200,56.4,23.58,23.58,200
370,143.96,116.41,27.55,200,56.04,23.44,23.44,200
371,143.41,115.92,27.49,200,56.59,23.66,23.66,200
372,144.83,117.4,27.44,200,55.17,23.1,23.1,200
373,145.56,118.13,27.42,200,54.44,22.81,22.81,200
374,145.31,117.89,27.42,200,54.69,22.91,22.91,200
375,145.83,118.38,27.45,200,54.17,22.71,22.71,200
376,146.8,119.37,27.44,200,53.2,22.32,22.32,200
377,146.18,118.63,27.55,200,53.82,22.57,22.57,200
378,147.16,119.61,27.55,200,52.84,22.18,22.18,200
379,148.64,121.09,27.55,200,51.36,21.59,21.59,200
380,149.54,122.07,27.46,200,50.46,21.24,21.24,200
381,149.54,122.07,27.46,200,50.46,21.24,21.24,200
382,149.64,122.07,27.57,200,50.36,21.2,21.2,200
383,150.27,122.81,27.46,200,49.73,20.95,20.95,200
384,150.53,123.06,27.47,200,49.47,20.85,20.85,200
385,149.68,122.07,27.6,200,50.32,21.19,21.19,200
386,151.51,124.04,27.46,200,48.49,20.46,20.46,200
387,152.37,124.78,27.59,200,47.63,20.12,20.12,200
388,152.36,124.78,27.58,200,47.64,20.13,20.13,200
389,153.49,126.02,27.47,200,46.51,19.68,19.68,200
390,153.49,126.02,27.47,200,46.51,19.68,19.68,200
391,153.74,126.26,27.47,200,46.26,19.58,19.58,200
392,153.98,126.51,27.47,200,46.02,19.49,19.49,200
393,153.59,126.02,27.58,200,46.41,19.64,19.64,200
394,155.22,127.74,27.47,200,44.78,19,19,200
395,155.09,127.49,27.59,200,44.91,19.05,19.05,200
396,155.83,128.23,27.59,200,44.17,18.76,18.76,200
397,157.45,129.96,27.49,200,42.55,18.11,18.11,200
398,157.71,130.21,27.5,200,42.29,18.01,18.01,200
399,157.32,129.71,27.6,200,42.68,18.17,18.17,200
400,157.46,129.96,27.5,200,42.54,18.11,18.11,200
401,157.94,130.45,27.49,200,42.06,17.92,17.92,200
402,158.43,130.95,27.49,200,41.57,17.73,17.73,200
403,159.03,131.44,27.59,200,40.97,17.49,17.49,200
404,159.16,131.69,27.47,200,40.84,17.44,17.44,200
405,159.17,131.69,27.49,200,40.83,17.44,17.44,200
406,160.02,132.43,27.59,200,39.98,17.1,17.1,200
407,160.64,133.17,27.47,200,39.36,16.86,16.86,200
408,161.25,133.66,27.59,200,38.75,16.61,16.61,200
409,161.16,133.66,27.5,200,38.84,16.65,16.65,200
410,161.5,133.91,27.59,200,38.5,16.52,16.52,200
411,162.39,134.89,27.5,200,37.61,16.16,16.16,200
412,161.73,134.15,27.58,200,38.27,16.43,16.43,200
413,163.15,135.63,27.51,200,36.85,15.87,15.87,200
414,163.48,135.88,27.6,200,36.52,15.73,15.73,200
415,164.46,136.87,27.59,200,35.54,15.34,15.34,200
416,165.11,137.61,27.5,200,34.89,15.09,15.09,200
417,164.96,137.36,27.6,200,35.04,15.14,15.14,200
418,165.59,138.1,27.49,200,34.41,14.9,14.9,200
419,165.61,138.1,27.51,200,34.39,14.89,14.89,200
420,166.11,138.59,27.51,200,33.89,14.69,14.69,200
421,165.45,137.85,27.59,200,34.55,14.96,14.96,200
422,167.08,139.58,27.5,200,32.92,14.31,14.31,200
423,167.34,139.83,27.51,200,32.66,14.2,14.2,200
424,167.82,140.32,27.5,200,32.18,14.01,14.01,200
425,166.94,139.34,27.6,200,33.06,14.37,14.37,200
426,168.33,140.82,27.51,200,31.67,13.81,13.81,200
427,167.69,140.08,27.62,200,32.31,14.07,14.07,200
428,168.2,140.57,27.63,200,31.8,13.87,13.87,200
429,168.69,141.06,27.63,200,31.31,13.67,13.67,200
430,169.58,142.05,27.53,200,30.42,13.32,13.32,200
431,168.93,141.31,27.62,200,31.07,13.58,13.58,200
432,171.03,143.53,27.5,200,28.97,12.74,12.74,200
433,169.67,142.05,27.62,200,30.33,13.29,13.29,200
434,170.4,142.79,27.6,200,29.6,13,13,200
435,171.05,143.53,27.51,200,28.95,12.74,12.74,200
436,171.79,144.27,27.51,200,28.21,12.45,12.45,200
437,172.54,145.02,27.53,200,27.46,12.15,12.15,200
438,172.91,145.26,27.64,200,27.09,12,12,200
439,173.4,145.76,27.64,200,26.6,11.81,11.81,200
440,174.02,146.5,27.53,200,25.98,11.56,11.56,200
441,173.53,146,27.53,200,26.47,11.76,11.76,200
442,173.79,146.25,27.54,200,26.21,11.65,11.65,200
443,173.78,146.25,27.53,200,26.22,11.66,11.66,200
444,173.39,145.76,27.63,200,26.61,11.82,11.82,200
445,174.87,147.24,27.63,200,25.13,11.23,11.23,200
446,175.13,147.49,27.64,200,24.87,11.12,11.12,200
447,175.36,147.73,27.63,200,24.64,11.03,11.03,200
448,175.75,148.23,27.53,200,24.25,10.88,10.88,200
449,176.73,149.22,27.51,200,23.27,10.49,10.49,200
450,176.48,148.97,27.51,200,23.52,10.59,10.59,200
451,176.6,148.97,27.63,200,23.4,10.54,10.54,200
452,176.86,149.22,27.64,200,23.14,10.44,10.44,200
453,176.99,149.46,27.53,200,23.01,10.39,10.39,200
454,177.6,149.96,27.64,200,22.4,10.14,10.14,200
455,178.48,150.95,27.54,200,21.52,9.789999999999999,9.790000000000001,200
456,178.25,150.7,27.55,200,21.75,9.890000000000001,9.890000000000001,200
457,177.37,149.71,27.66,200,22.63,10.24,10.24,200
458,178.34,150.7,27.64,200,21.66,9.85,9.85,200
459,178.97,151.44,27.53,200,21.03,9.6,9.6,200
460,178.97,151.44,27.53,200,21.03,9.6,9.6,200
461,179.71,152.18,27.53,200,20.29,9.31,9.31,200
462,180.2,152.68,27.53,200,19.8,9.109999999999999,9.109999999999999,200
463,180.94,153.42,27.53,200,19.06,8.82,8.82,200
464,181.19,153.66,27.53,200,18.81,8.720000000000001,8.720000000000001,200
465,181.06,153.42,27.64,200,18.94,8.77,8.77,200
466,181.19,153.66,27.53,200,18.81,8.720000000000001,8.720000000000001,200
467,181.44,153.91,27.53,200,18.56,8.619999999999999,8.619999999999999,200
468,181.31,153.66,27.64,200,18.69,8.67,8.67,200
469,181.55,153.91,27.64,200,18.45,8.58,8.58,200
470,182.69,155.15,27.54,200,17.31,8.119999999999999,8.119999999999999,200
471,183.18,155.64,27.54,200,16.82,7.93,7.93,200
472,182.71,155.15,27.57,200,17.29,8.119999999999999,8.119999999999999,200
473,182.95,155.39,27.55,200,17.05,8.02,8.02,200
474,182.93,155.39,27.54,200,17.07,8.029999999999999,8.029999999999999,200
475,183.55,155.89,27.66,200,16.45,7.79,7.79,200
476,183.69,156.14,27.55,200,16.31,7.73,7.73,200
477,184.18,156.63,27.55,200,15.82,7.53,7.53,200
478,184.44,156.88,27.57,200,15.56,7.43,7.430000000000001,200
479,184.44,156.88,27.57,200,15.56,7.43,7.430000000000001,200
480,184.69,157.13,27.57,200,15.31,7.33,7.33,200
481,185.26,157.62,27.64,200,14.74,7.1,7.1,200
482,185.39,157.87,27.53,200,14.61,7.05,7.049999999999999,200
483,185.64,158.11,27.53,200,14.36,6.95,6.950000000000001,200
484,185.77,158.11,27.66,200,14.23,6.9,6.9,200
485,186.86,159.35,27.51,200,13.14,6.47,6.47,200
486,185.28,157.62,27.66,200,14.72,7.1,7.1,200
487,186.88,159.35,27.53,200,13.12,6.46,6.460000000000001,200
488,186.88,159.35,27.53,200,13.12,6.46,6.460000000000001,200
489,186.88,159.35,27.53,200,13.12,6.46,6.460000000000001,200
490,187.13,159.6,27.53,200,12.87,6.36,6.36,200
491,187.62,160.09,27.53,200,12.38,6.17,6.17,200
492,188.11,160.59,27.53,200,11.89,5.97,5.970000000000001,200
493,188.49,160.84,27.66,200,11.51,5.82,5.82,200
494,188.88,161.33,27.55,200,11.12,5.66,5.66,200
495,188.74,161.08,27.66,200,11.26,5.72,5.72,200
496,189.25,161.58,27.67,200,10.75,5.52,5.52,200
497,188.99,161.33,27.66,200,11.01,5.62,5.62,200
498,189.74,162.07,27.67,200,10.26,5.32,5.319999999999999,200
499,189.18,161.58,27.6,200,10.82,5.55,5.55,200
500,189.39,161.82,27.57,200,10.61,5.46,5.46,200
501,189.64,162.07,27.57,200,10.36,5.37,5.37,200
502,189.9,162.32,27.58,200,10.1,5.26,5.26,200
503,189.26,161.58,27.68,200,10.74,5.52,5.52,200
504,190.89,163.31,27.58,200,9.109999999999999,4.87,4.87,200
505,190.89,163.31,27.58,200,9.109999999999999,4.87,4.87,200
506,190.76,163.06,27.7,200,9.24,4.92,4.92,200
507,191.37,163.8,27.57,200,8.630000000000001,4.68,4.68,200
508,190.89,163.31,27.58,200,9.109999999999999,4.87,4.87,200
509,191,163.31,27.7,200,9,4.82,4.82,200
510,191.63,164.05,27.58,200,8.369999999999999,4.57,4.569999999999999,200
511,191.5,163.8,27.7,200,8.5,4.63,4.63,200
512,192.14,164.55,27.59,200,7.86,4.37,4.37,200
513,191.75,164.05,27.7,200,8.25,4.53,4.53,200
514,191.77,164.05,27.72,200,8.23,4.52,4.52,200
515,192.41,164.79,27.62,200,7.59,4.26,4.26,200
516,192.38,164.79,27.59,200,7.62,4.27,4.27,200
517,192.64,165.04,27.6,200,7.36,4.17,4.17,200
518,192.89,165.29,27.6,200,7.11,4.07,4.07,200
519,192.89,165.29,27.6,200,7.11,4.07,4.07,200
520,193.39,165.78,27.6,200,6.61,3.87,3.87,200
521,193.24,165.53,27.71,200,6.76,3.93,3.93,200
522,193.24,165.53,27.71,200,6.76,3.93,3.93,200
523,193.65,166.03,27.62,200,6.35,3.77,3.77,200
524,193.24,165.53,27.71,200,6.76,3.93,3.93,200
525,194.39,166.77,27.62,200,5.61,3.48,3.48,200
526,194.64,167.02,27.62,200,5.36,3.38,3.38,200
527,194.26,166.52,27.73,200,5.74,3.53,3.53,200
528,194.25,166.52,27.72,200,5.75,3.53,3.53,200
529,194.4,166.77,27.63,200,5.6,3.47,3.47,200
530,194.87,167.27,27.6,200,5.13,3.28,3.28,200
531,195.12,167.51,27.6,200,4.88,3.19,3.19,200
532,195.25,167.51,27.73,200,4.75,3.13,3.13,200
533,195.23,167.51,27.72,200,4.77,3.14,3.14,200
534,195.63,168.01,27.62,200,4.37,2.98,2.98,200
535,196.12,168.5,27.62,200,3.88,2.79,2.79,200
536,195.98,168.26,27.72,200,4.02,2.84,2.84,200
537,196.12,168.5,27.62,200,3.88,2.79,2.79,200
538,196.86,169.25,27.62,200,3.14,2.49,2.49,200
539,196.73,169,27.73,200,3.27,2.54,2.54,200
540,196.86,169.25,27.62,200,3.14,2.49,2.49,200
541,196.97,169.25,27.72,200,3.03,2.45,2.45,200
542,196.95,169.25,27.71,200,3.05,2.45,2.45,200
543,196.75,169,27.75,200,3.25,2.54,2.54,200
544,197.2,169.49,27.71,200,2.8,2.35,2.35,200
545,197.36,169.74,27.62,200,2.64,2.29,2.29,200
546,197.23,169.49,27.73,200,2.77,2.34,2.34,200
547,197.47,169.74,27.73,200,2.53,2.25,2.25,200
548,197.36,169.74,27.62,200,2.64,2.29,2.29,200
549,197.85,170.24,27.62,200,2.15,2.09,2.09,200
550,197.61,169.99,27.62,200,2.39,2.19,2.19,200
551,197.46,169.74,27.72,200,2.54,2.25,2.25,200
552,198.1,170.48,27.62,200,1.9,2,2,200
553,197.47,169.74,27.73,200,2.53,2.25,2.25,200
554,198.35,170.73,27.62,200,1.65,1.9,1.9,200
555,199.09,171.47,27.62,200,0.91,1.6,1.6,200
556,197.49,169.74,27.75,200,2.51,2.24,2.24,200
557,198.87,171.23,27.64,200,1.13,1.69,1.69,200
558,197.47,169.74,27.73,200,2.53,2.25,2.25,200
559,197.97,170.24,27.73,200,2.03,2.05,2.05,200
560,198.48,170.73,27.75,200,1.52,1.85,1.85,200
561,198.46,170.73,27.73,200,1.54,1.85,1.85,200
562,198.71,170.98,27.73,200,1.29,1.75,1.75,200
563,199.09,171.47,27.62,200,0.91,1.6,1.6,200
564,198.72,170.98,27.75,200,1.28,1.75,1.75,200
565,199.09,171.47,27.62,200,0.91,1.6,1.6,200
566,199.35,171.72,27.63,200,0.65,1.5,1.5,200
567,199.58,171.97,27.62,200,0.42,1.4,1.4,200
568,198.95,171.23,27.72,200,1.05,1.66,1.66,200
569,199.83,172.21,27.62,200,0.17,1.3,1.3,200
570,199.58,171.97,27.62,200,0.42,1.4,1.4,200
571,200.11,172.46,27.64,200,-0.11,1.19,1.19,200
572,200.08,172.46,27.62,200,-0.08,1.21,1.21,200
573,199.21,171.47,27.73,200,0.79,1.55,1.55,200
574,200.33,172.71,27.62,200,-0.33,1.11,1.11,200
575,199.47,171.72,27.75,200,0.53,1.45,1.45,200
576,200.59,172.96,27.63,200,-0.59,1,1,200
577,199.71,171.97,27.75,200,0.29,1.35,1.35,200
578,199.7,171.97,27.73,200,0.3,1.36,1.36,200
579,201.08,173.45,27.63,200,-1.08,0.8,0.8,200
580,200.83,173.2,27.63,200,-0.83,0.9,0.8999999999999999,200
581,200.21,172.46,27.75,200,-0.21,1.15,1.15,200
582,200.46,172.71,27.75,200,-0.46,1.05,1.05,200
583,200.21,172.46,27.75,200,-0.21,1.15,1.15,200
584,201.36,173.7,27.66,200,-1.36,0.6899999999999999,0.6899999999999999,200
585,201.1,173.45,27.64,200,-1.1,0.8,0.8,200
586,200.24,172.46,27.77,200,-0.24,1.14,1.14,200
587,201.1,173.45,27.64,200,-1.1,0.8,0.8,200
588,201.34,173.7,27.64,200,-1.34,0.7,0.7000000000000001,200
589,201.34,173.7,27.64,200,-1.34,0.7,0.7000000000000001,200
590,201.34,173.7,27.64,200,-1.34,0.7,0.7000000000000001,200
591,201.34,173.7,27.64,200,-1.34,0.7,0.7000000000000001,200
592,200.7,172.96,27.75,200,-0.7,0.95,0.95,200
593,201.6,173.95,27.66,200,-1.6,0.6,0.6,200
594,200.73,172.96,27.77,200,-0.73,0.9399999999999999,0.9400000000000001,200
595,201.62,173.95,27.67,200,-1.62,0.59,0.59,200
596,201.85,174.19,27.66,200,-1.85,0.5,0.5,200
597,201.86,174.19,27.67,200,-1.86,0.49,0.49,200
598,202.12,174.44,27.68,200,-2.12,0.39,0.39,200
599,201.62,173.95,27.67,200,-1.62,0.59,0.59,200
600,201.89,174.19,27.7,200,-1.89,0.48,0.48,200
601,201.22,173.45,27.77,200,-1.22,0.75,0.75,200
602,202.35,174.69,27.66,200,-2.35,0.3,0.3,200
603,202.11,174.44,27.67,200,-2.11,0.39,0.39,200
604,202.32,174.69,27.63,200,-2.32,0.31,0.31,200
605,201.45,173.7,27.75,200,-1.45,0.66,0.66,200
606,201.45,173.7,27.75,200,-1.45,0.66,0.66,200
607,201.45,173.7,27.75,200,-1.45,0.66,0.66,200
608,202.55,174.94,27.62,200,-2.55,0.21,0.21,200
609,202.57,174.94,27.63,200,-2.57,0.21,0.21,200
610,202.57,174.94,27.63,200,-2.57,0.21,0.21,200
611,202.8,175.18,27.62,200,-2.8,0.11,0.11,200
612,202.18,174.44,27.73,200,-2.18,0.36,0.36,200
613,202.8,175.18,27.62,200,-2.8,0.11,0.11,200
614,201.94,174.19,27.75,200,-1.94,0.46,0.46,200
615,202.8,175.18,27.62,200,-2.8,0.11,0.11,200
616,202.8,175.18,27.62,200,-2.8,0.11,0.11,200
617,202.8,175.18,27.62,200,-2.8,0.11,0.11,200
618,203.04,175.43,27.6,200,-3.04,0.02,0.02,200
619,202.41,174.69,27.72,200,-2.41,0.27,0.27,200
620,202.92,175.18,27.73,200,-2.92,0.07000000000000001,0.06999999999999999,200
621,202.67,174.94,27.73,200,-2.67,0.17,0.17,200
622,202.8,175.18,27.62,200,-2.8,0.11,0.11,200
623,202.81,175.18,27.63,200,-2.81,0.11,0.11,200
624,202.81,175.18,27.63,200,-2.81,0.11,0.11,200
625,202.68,174.94,27.75,200,-2.68,0.16,0.16,200
626,203.07,175.43,27.64,200,-3.07,0,0,200
627,202.83,175.18,27.64,200,-2.83,0.1,0.1,200
628,203.09,175.43,27.66,200,-3.09,-0,0,200
629,202.83,175.18,27.64,200,-2.83,0.1,0.1,200
630,202.94,175.18,27.76,200,-2.94,0.05,0.05,200
631,203.18,175.43,27.75,200,-3.18,-0.04,0,200
632,203.31,175.68,27.63,200,-3.31,-0.09,0,200
633,203.18,175.43,27.75,200,-3.18,-0.04,0,200
634,202.94,175.18,27.76,200,-2.94,0.05,0.05,200
635,203.06,175.43,27.63,200,-3.06,0.01,0.01,200
636,203.07,175.43,27.64,200,-3.07,0,0,200
637,203.09,175.43,27.66,200,-3.09,-0,0,200
638,203.32,175.68,27.64,200,-3.32,-0.1,0,200
639,202.96,175.18,27.77,200,-2.96,0.05,0.05,200
640,203.58,175.93,27.66,200,-3.58,-0.2,0,200
641,204.19,176.42,27.77,200,-4.19,-0.45,0,200
642,203.09,175.43,27.66,200,-3.09,-0,0,200
643,203.22,175.43,27.79,200,-3.22,-0.06,0,200
644,204.08,176.42,27.66,200,-4.08,-0.4,0,200
645,203.58,175.93,27.66,200,-3.58,-0.2,0,200
646,203.43,175.68,27.75,200,-3.43,-0.14,0,200
647,203.58,175.93,27.66,200,-3.58,-0.2,0,200
648,203.69,175.93,27.76,200,-3.69,-0.25,0,200
649,203.58,175.93,27.66,200,-3.58,-0.2,0,200
650,203.82,176.17,27.64,200,-3.82,-0.3,0,200
651,203.84,176.17,27.67,200,-3.84,-0.31,0,200
652,203.6,175.93,27.67,200,-3.6,-0.21,0,200
653,203.83,176.17,27.66,200,-3.83,-0.3,0,200
654,203.95,176.17,27.77,200,-3.95,-0.35,0,200
655,204.09,176.42,27.67,200,-4.09,-0.41,0,200
656,204.1,176.42,27.68,200,-4.1,-0.41,0,200
657,203.88,176.17,27.71,200,-3.88,-0.33,0,200
658,203.83,176.17,27.66,200,-3.83,-0.3,0,200
659,204.18,176.42,27.76,200,-4.18,-0.45,0,200
660,204.06,176.42,27.64,200,-4.06,-0.4,0,200
661,203.82,176.17,27.64,200,-3.82,-0.3,0,200
662,203.82,176.17,27.64,200,-3.82,-0.3,0,200
663,204.08,176.42,27.66,200,-4.08,-0.4,0,200
664,204.06,176.42,27.64,200,-4.06,-0.4,0,200
665,204.55,176.92,27.63,200,-4.55,-0.59,0,200
666,204.57,176.92,27.66,200,-4.57,-0.6,0,200
667,204.43,176.67,27.76,200,-4.43,-0.55,0,200
668,204.81,177.16,27.64,200,-4.81,-0.7,0,200
669,204.56,176.92,27.64,200,-4.56,-0.6,0,200
670,205.05,177.41,27.64,200,-5.05,-0.8,0,200
671,203.84,176.17,27.67,200,-3.84,-0.31,0,200
672,204.31,176.67,27.64,200,-4.31,-0.5,0,200
673,204.43,176.67,27.76,200,-4.43,-0.55,0,200
674,204.57,176.92,27.66,200,-4.57,-0.61,0,200
675,204.18,176.42,27.76,200,-4.18,-0.45,0,200
676,204.18,176.42,27.76,200,-4.18,-0.45,0,200
677,204.57,176.92,27.66,200,-4.57,-0.61,0,200
678,204.81,177.16,27.64,200,-4.81,-0.7,0,200
679,204.59,176.92,27.67,200,-4.59,-0.61,0,200
680,204.19,176.42,27.77,200,-4.19,-0.46,0,200
681,204.34,176.67,27.67,200,-4.34,-0.51,0,200
682,204.09,176.42,27.67,200,-4.09,-0.41,0,200
683,204.6,176.92,27.68,200,-4.6,-0.62,0,200
684,204.47,176.67,27.8,200,-4.47,-0.57,0,200
685,204.36,176.67,27.7,200,-4.36,-0.52,0,200
686,204.21,176.42,27.79,200,-4.21,-0.46,0,200
687,203.87,176.17,27.7,200,-3.87,-0.33,0,200
688,203.86,176.17,27.68,200,-3.86,-0.32,0,200
689,204.35,176.67,27.68,200,-4.35,-0.52,0,200
690,204.35,176.67,27.68,200,-4.35,-0.52,0,200
691,204.6,176.92,27.68,200,-4.6,-0.62,0,200
692,204.45,176.67,27.79,200,-4.45,-0.5600000000000001,0,200
693,204.21,176.42,27.79,200,-4.21,-0.46,0,200
694,204.6,176.92,27.68,200,-4.6,-0.62,0,200
695,204.6,176.92,27.68,200,-4.6,-0.62,0,200
696,204.61,176.92,27.7,200,-4.61,-0.63,0,200
697,204.36,176.67,27.7,200,-4.36,-0.53,0,200
698,204.38,176.67,27.71,200,-4.38,-0.53,0,200
699,204.87,177.16,27.71,200,-4.87,-0.73,0,200
700,204.02,176.17,27.85,200,-4.02,-0.39,0,200
701,204.13,176.42,27.71,200,-4.13,-0.43,0,200
702,204.23,176.42,27.81,200,-4.23,-0.48,0,200
703,204.39,176.67,27.72,200,-4.39,-0.54,0,200
704,204.64,176.92,27.72,200,-4.64,-0.64,0,200
705,204.39,176.67,27.72,200,-4.39,-0.54,0,200
706,204.49,176.67,27.82,200,-4.49,-0.58,0,200
707,204.64,176.92,27.72,200,-4.64,-0.64,0,200
708,204.14,176.42,27.72,200,-4.14,-0.44,0,200
709,204.14,176.42,27.72,200,-4.14,-0.44,0,200
710,203.97,176.17,27.8,200,-3.97,-0.37,0,200
711,204.14,176.42,27.72,200,-4.14,-0.44,0,200
712,204.13,176.42,27.71,200,-4.13,-0.44,0,200
713,204.22,176.42,27.8,200,-4.22,-0.47,0,200
714,204.66,176.92,27.75,200,-4.66,-0.65,0,200
715,203.91,176.17,27.73,200,-3.91,-0.35,0,200
716,204.13,176.42,27.71,200,-4.13,-0.44,0,200
717,204.13,176.42,27.71,200,-4.13,-0.44,0,200
718,203.88,176.17,27.71,200,-3.88,-0.34,0,200
719,204.22,176.42,27.8,200,-4.22,-0.47,0,200
720,203.87,176.17,27.7,200,-3.87,-0.33,0,200
721,204.22,176.42,27.8,200,-4.22,-0.47,0,200
722,203.97,176.17,27.8,200,-3.97,-0.38,0,200
723,203.88,176.17,27.71,200,-3.88,-0.34,0,200
724,203.97,176.17,27.8,200,-3.97,-0.38,0,200
725,204.12,176.42,27.7,200,-4.12,-0.43,0,200
726,204.13,176.42,27.71,200,-4.13,-0.44,0,200
727,203.99,176.17,27.81,200,-3.99,-0.38,0,200
728,203.65,175.93,27.72,200,-3.65,-0.25,0,200
729,203.4,175.68,27.72,200,-3.4,-0.15,0,200
730,203.49,175.68,27.81,200,-3.49,-0.18,0,200
731,204.13,176.42,27.71,200,-4.13,-0.44,0,200
732,203.73,175.93,27.8,200,-3.73,-0.28,0,200
733,203.48,175.68,27.8,200,-3.48,-0.18,0,200
734,203.97,176.17,27.8,200,-3.97,-0.38,0,200
735,203.88,176.17,27.71,200,-3.88,-0.34,0,200
736,203.49,175.68,27.81,200,-3.49,-0.19,0,200
737,203.48,175.68,27.8,200,-3.48,-0.18,0,200
738,203.63,175.93,27.71,200,-3.63,-0.24,0,200
739,203.61,175.93,27.68,200,-3.61,-0.23,0,200
740,203.46,175.68,27.79,200,-3.46,-0.18,0,200
741,203.71,175.93,27.79,200,-3.71,-0.27,0,200
742,203.88,176.17,27.71,200,-3.88,-0.34,0,200
743,202.91,175.18,27.72,200,-2.91,0.05,0.05,200
744,203.11,175.43,27.68,200,-3.11,-0.04,0,200
745,203.2,175.43,27.77,200,-3.2,-0.07000000000000001,0,200
746,203.35,175.68,27.67,200,-3.35,-0.13,0,200
747,203.6,175.93,27.67,200,-3.6,-0.23,0,200
748,203.35,175.68,27.67,200,-3.35,-0.13,0,200
749,203.36,175.68,27.68,200,-3.36,-0.14,0,200
750,203.35,175.68,27.67,200,-3.35,-0.13,0,200
751,203.11,175.43,27.68,200,-3.11,-0.04,0,200
752,203.36,175.68,27.68,200,-3.36,-0.14,0,200
753,203.36,175.68,27.68,200,-3.36,-0.14,0,200
754,203.11,175.43,27.68,200,-3.11,-0.04,0,200
755,203.36,175.68,27.68,200,-3.36,-0.14,0,200
756,203.48,175.68,27.8,200,-3.48,-0.18,0,200
757,203.14,175.43,27.71,200,-3.14,-0.05,0,200
758,202.76,174.94,27.82,200,-2.76,0.1,0.1,200
759,202.89,175.18,27.71,200,-2.89,0.05,0.05,200
760,202.87,175.18,27.68,200,-2.87,0.06,0.06,200
761,202.88,175.18,27.7,200,-2.88,0.06,0.06,200
762,202.74,174.94,27.8,200,-2.74,0.11,0.11,200
763,203.23,175.43,27.8,200,-3.23,-0.09,0,200
764,203.23,175.43,27.8,200,-3.23,-0.09,0,200
765,202.88,175.18,27.7,200,-2.88,0.05,0.05,200
766,202.89,175.18,27.71,200,-2.89,0.05,0.05,200
767,202.89,175.18,27.71,200,-2.89,0.05,0.05,200
768,203.13,175.43,27.7,200,-3.13,-0.04,0,200
769,203,175.18,27.81,200,-3,0.01,0.01,200
770,202.89,175.18,27.71,200,-2.89,0.05,0.05,200
771,202.93,175.18,27.75,200,-2.93,0.03,0.03,200
772,202.79,174.94,27.85,200,-2.79,0.09,0.09,200
773,202.68,174.94,27.75,200,-2.68,0.13,0.13,200
774,202.5,174.69,27.81,200,-2.5,0.2,0.2,200
775,203.15,175.43,27.72,200,-3.15,-0.06,0,200
776,202.92,175.18,27.73,200,-2.92,0.04,0.04,200
777,202.92,175.18,27.73,200,-2.92,0.04,0.04,200
778,202.92,175.18,27.73,200,-2.92,0.04,0.04,200
779,202.76,174.94,27.82,200,-2.76,0.1,0.1,200
780,202.77,174.94,27.84,200,-2.77,0.09,0.09,200
781,202.92,175.18,27.73,200,-2.92,0.04,0.04,200
782,202.54,174.69,27.85,200,-2.54,0.19,0.19,200
783,202.53,174.69,27.84,200,-2.53,0.19,0.19,200
784,203.17,175.43,27.73,200,-3.17,-0.06,0,200
785,203.43,175.68,27.75,200,-3.43,-0.17,0,200
786,202.57,174.69,27.88,200,-2.57,0.18,0.18,200
787,202.55,174.69,27.86,200,-2.55,0.18,0.18,200
788,202.28,174.44,27.84,200,-2.28,0.29,0.29,200
789,202.92,175.18,27.73,200,-2.92,0.04,0.04,200
790,202.92,175.18,27.73,200,-2.92,0.04,0.04,200
791,202.54,174.69,27.85,200,-2.54,0.19,0.19,200
792,202.92,175.18,27.73,200,-2.92,0.04,0.04,200
793,202.29,174.44,27.85,200,-2.29,0.29,0.29,200
794,202.92,175.18,27.73,200,-2.92,0.03,0.03,200
795,202.67,174.94,27.73,200,-2.67,0.13,0.13,200
796,202.04,174.19,27.85,200,-2.04,0.38,0.38,200
797,202.93,175.18,27.75,200,-2.93,0.03,0.03,200
798,202.93,175.18,27.75,200,-2.93,0.03,0.03,200
799,202.93,175.18,27.75,200,-2.93,0.03,0.03,200
800,201.8,173.95,27.85,200,-1.8,0.48,0.48,200
801,202.48,174.69,27.79,200,-2.48,0.21,0.21,200
802,202.06,174.19,27.86,200,-2.06,0.38,0.38,200
803,201.55,173.7,27.85,200,-1.55,0.58,0.58,200
804,202.92,175.18,27.73,200,-2.92,0.03,0.03,200
805,202.67,174.94,27.73,200,-2.67,0.13,0.13,200
806,202.67,174.94,27.73,200,-2.67,0.13,0.13,200
807,201.54,173.7,27.84,200,-1.54,0.59,0.59,200
808,202.67,174.94,27.73,200,-2.67,0.13,0.13,200
809,202.67,174.94,27.73,200,-2.67,0.13,0.13,200
810,202.67,174.94,27.73,200,-2.67,0.13,0.13,200
811,202.68,174.94,27.75,200,-2.68,0.13,0.13,200
812,202.68,174.94,27.75,200,-2.68,0.13,0.13,200
813,201.81,173.95,27.86,200,-1.81,0.48,0.48,200
814,202.94,175.18,27.76,200,-2.94,0.02,0.02,200
815,201.33,173.45,27.88,200,-1.33,0.67,0.67,200
816,201.33,173.45,27.88,200,-1.33,0.67,0.67,200
817,201.56,173.7,27.86,200,-1.56,0.57,0.5700000000000001,200
818,202.2,174.44,27.76,200,-2.2,0.32,0.32,200
819,202.68,174.94,27.75,200,-2.68,0.13,0.13,200
820,201.32,173.45,27.86,200,-1.32,0.67,0.67,200
821,202.2,174.44,27.76,200,-2.2,0.32,0.32,200
822,201.58,173.7,27.88,200,-1.58,0.57,0.5700000000000001,200
823,202.2,174.44,27.76,200,-2.2,0.32,0.32,200
824,202.23,174.44,27.79,200,-2.23,0.31,0.31,200
825,202.21,174.44,27.77,200,-2.21,0.31,0.31,200
826,201.34,173.45,27.89,200,-1.34,0.66,0.66,200
827,201.34,173.45,27.89,200,-1.34,0.66,0.66,200
828,201.99,174.19,27.8,200,-1.99,0.4,0.4,200
829,201.34,173.45,27.89,200,-1.34,0.66,0.66,200
830,201.75,173.95,27.8,200,-1.75,0.5,0.5,200
831,201.09,173.2,27.89,200,-1.09,0.76,0.76,200
832,201.98,174.19,27.79,200,-1.98,0.41,0.41,200
833,201.73,173.95,27.79,200,-1.73,0.5,0.5,200
834,201.34,173.45,27.89,200,-1.34,0.66,0.66,200
835,201.73,173.95,27.79,200,-1.73,0.5,0.5,200
836,201.11,173.2,27.9,200,-1.11,0.75,0.75,200
837,201.73,173.95,27.79,200,-1.73,0.5,0.5,200
838,201.73,173.95,27.79,200,-1.73,0.5,0.5,200
839,201.49,173.7,27.79,200,-1.49,0.6,0.6,200
840,201.73,173.95,27.79,200,-1.73,0.5,0.5,200
841,201.35,173.45,27.9,200,-1.35,0.66,0.66,200
842,201.6,173.7,27.9,200,-1.6,0.5600000000000001,0.5599999999999999,200
843,202.03,174.19,27.84,200,-2.03,0.38,0.38,200
844,201.51,173.7,27.81,200,-1.51,0.59,0.59,200
845,200.87,172.96,27.92,200,-0.87,0.85,0.8500000000000001,200
846,201.11,173.2,27.9,200,-1.11,0.75,0.75,200
847,201.49,173.7,27.79,200,-1.49,0.6,0.6,200
848,201.49,173.7,27.79,200,-1.49,0.6,0.6,200
849,201.49,173.7,27.79,200,-1.49,0.6,0.6,200
850,201.11,173.2,27.9,200,-1.11,0.75,0.75,200
851,200.86,172.96,27.9,200,-0.86,0.85,0.8500000000000001,200
852,201.49,173.7,27.79,200,-1.49,0.6,0.6,200
853,201.49,173.7,27.79,200,-1.49,0.6,0.6,200
854,200.61,172.71,27.9,200,-0.61,0.95,0.95,200
855,201.5,173.7,27.8,200,-1.5,0.6,0.6,200
856,201.35,173.45,27.9,200,-1.35,0.65,0.65,200
857,200.87,172.96,27.92,200,-0.87,0.85,0.8500000000000001,200
858,200.65,172.71,27.94,200,-0.65,0.9399999999999999,0.9400000000000001,200
859,201.5,173.7,27.8,200,-1.5,0.6,0.6,200
860,200.87,172.96,27.92,200,-0.87,0.85,0.8500000000000001,200
861,201.5,173.7,27.8,200,-1.5,0.6,0.6,200
862,200.87,172.96,27.92,200,-0.87,0.85,0.8500000000000001,200
863,201.5,173.7,27.8,200,-1.5,0.6,0.6,200
864,201.52,173.7,27.82,200,-1.52,0.59,0.59,200
865,201.26,173.45,27.81,200,-1.26,0.6899999999999999,0.6899999999999999,200
866,200.87,172.96,27.92,200,-0.87,0.85,0.8500000000000001,200
867,201.26,173.45,27.81,200,-1.26,0.6899999999999999,0.6899999999999999,200
868,200.63,172.71,27.92,200,-0.63,0.95,0.95,200
869,201.26,173.45,27.81,200,-1.26,0.6899999999999999,0.6899999999999999,200
870,201.76,173.95,27.81,200,-1.76,0.49,0.49,200
871,201.51,173.7,27.81,200,-1.51,0.59,0.59,200
872,201.28,173.45,27.82,200,-1.28,0.68,0.6799999999999999,200
873,200.64,172.71,27.93,200,-0.64,0.9399999999999999,0.9400000000000001,200
874,201.28,173.45,27.82,200,-1.28,0.68,0.6799999999999999,200
875,200.87,172.96,27.92,200,-0.87,0.85,0.8500000000000001,200
876,201.28,173.45,27.82,200,-1.28,0.68,0.6799999999999999,200
877,201.25,173.45,27.8,200,-1.25,0.6899999999999999,0.6899999999999999,200
878,201.24,173.45,27.79,200,-1.24,0.7,0.7000000000000001,200
879,201.24,173.45,27.79,200,-1.24,0.7,0.7000000000000001,200
880,201.24,173.45,27.79,200,-1.24,0.7,0.7000000000000001,200
881,200.61,172.71,27.9,200,-0.61,0.95,0.95,200
882,200.99,173.2,27.79,200,-0.99,0.8,0.8,200
883,201.72,173.95,27.77,200,-1.72,0.51,0.51,200
884,201.73,173.95,27.79,200,-1.73,0.5,0.5,200
885,201.47,173.7,27.77,200,-1.47,0.61,0.61,200
886,201.25,173.45,27.8,200,-1.25,0.6899999999999999,0.6899999999999999,200
887,200.12,172.21,27.9,200,-0.12,1.15,1.15,200
888,200.6,172.71,27.89,200,-0.6,0.95,0.95,200
889,201.22,173.45,27.77,200,-1.22,0.7,0.7000000000000001,200
890,201.22,173.45,27.77,200,-1.22,0.7,0.7000000000000001,200
891,200.96,173.2,27.76,200,-0.96,0.8100000000000001,0.8099999999999999,200
892,200.95,173.2,27.75,200,-0.95,0.8100000000000001,0.8099999999999999,200
893,200.08,172.21,27.86,200,-0.08,1.16,1.16,200
894,200.57,172.71,27.86,200,-0.57,0.96,0.96,200
895,201.2,173.45,27.75,200,-1.2,0.71,0.7100000000000001,200
896,200.69,172.96,27.73,200,-0.6899999999999999,0.92,0.9199999999999999,200
897,200.94,173.2,27.73,200,-0.9399999999999999,0.82,0.8200000000000001,200
898,200.07,172.21,27.85,200,-0.07000000000000001,1.17,1.17,200
899,200.94,173.2,27.73,200,-0.9399999999999999,0.82,0.8200000000000001,200
900,200.33,172.46,27.86,200,-0.33,1.06,1.06,200
901,200.09,172.21,27.88,200,-0.09,1.16,1.16,200
902,200.48,172.71,27.77,200,-0.48,1,1,200
903,200.94,173.2,27.73,200,-0.9399999999999999,0.82,0.8200000000000001,200
904,200.7,172.96,27.75,200,-0.7,0.91,0.91,200
905,199.82,171.97,27.85,200,0.18,1.27,1.27,200
906,200.94,173.2,27.73,200,-0.9399999999999999,0.82,0.8200000000000001,200
907,200.69,172.96,27.73,200,-0.6899999999999999,0.92,0.9199999999999999,200
908,200.94,173.2,27.73,200,-0.9399999999999999,0.82,0.8200000000000001,200
909,200.95,173.2,27.75,200,-0.95,0.8100000000000001,0.8099999999999999,200
910,200.44,172.71,27.73,200,-0.44,1.02,1.02,200
911,200.95,173.2,27.75,200,-0.95,0.8100000000000001,0.8099999999999999,200
912,199.82,171.97,27.85,200,0.18,1.27,1.27,200
913,200.08,172.21,27.86,200,-0.08,1.16,1.16,200
914,200.96,173.2,27.76,200,-0.96,0.8100000000000001,0.8099999999999999,200
915,200.5,172.71,27.79,200,-0.5,1,1,200
916,200.48,172.71,27.77,200,-0.48,1,1,200
917,199.62,171.72,27.9,200,0.38,1.34,1.34,200
918,200.48,172.71,27.77,200,-0.48,1,1,200
919,200.48,172.71,27.77,200,-0.48,1,1,200
920,199.61,171.72,27.89,200,0.39,1.35,1.35,200
921,199.6,171.72,27.88,200,0.4,1.35,1.35,200
922,200.5,172.71,27.79,200,-0.5,1,1,200
923,200.5,172.71,27.79,200,-0.5,1,1,200
924,200.98,173.2,27.77,200,-0.98,0.8,0.8,200
925,199.36,171.47,27.89,200,0.64,1.45,1.45,200
926,200.73,172.96,27.77,200,-0.73,0.9,0.8999999999999999,200
927,199.62,171.72,27.9,200,0.38,1.34,1.34,200
928,199.38,171.47,27.9,200,0.62,1.44,1.44,200
929,200.27,172.46,27.81,200,-0.27,1.08,1.08,200
930,199.14,171.23,27.92,200,0.86,1.54,1.54,200
931,200.5,172.71,27.79,200,-0.5,1,1,200
932,199.36,171.47,27.89,200,0.64,1.45,1.45,200
933,199.62,171.72,27.9,200,0.38,1.34,1.34,200
934,200.25,172.46,27.79,200,-0.25,1.09,1.09,200
935,200,172.21,27.79,200,-0,1.19,1.19,200
936,199.62,171.72,27.9,200,0.38,1.34,1.34,200
937,200.24,172.46,27.77,200,-0.24,1.1,1.1,200
938,200.25,172.46,27.79,200,-0.25,1.09,1.09,200
939,199.13,171.23,27.9,200,0.87,1.54,1.54,200
940,200.25,172.46,27.79,200,-0.25,1.09,1.09,200
941,200,172.21,27.79,200,-0,1.19,1.19,200
942,199.38,171.47,27.9,200,0.62,1.44,1.44,200
943,199.62,171.72,27.9,200,0.38,1.34,1.34,200
944,199.75,171.97,27.79,200,0.25,1.29,1.29,200
945,199.53,171.72,27.81,200,0.47,1.38,1.38,200
946,199.38,171.47,27.9,200,0.62,1.44,1.44,200
947,199.51,171.72,27.79,200,0.49,1.39,1.39,200
948,199.99,172.21,27.77,200,0.01,1.2,1.2,200
949,199.75,171.97,27.79,200,0.25,1.29,1.29,200
950,199.75,171.97,27.79,200,0.25,1.29,1.29,200
951,199.75,171.97,27.79,200,0.25,1.29,1.29,200
952,199.36,171.47,27.89,200,0.64,1.45,1.45,200
953,199.11,171.23,27.89,200,0.89,1.55,1.55,200
954,199.51,171.72,27.79,200,0.49,1.39,1.39,200
955,199.13,171.23,27.9,200,0.87,1.54,1.54,200
956,199.51,171.72,27.79,200,0.49,1.39,1.39,200
957,199.75,171.97,27.79,200,0.25,1.29,1.29,200
958,199.51,171.72,27.79,200,0.49,1.39,1.39,200
959,198.66,170.73,27.93,200,1.34,1.73,1.73,200
960,199.52,171.72,27.8,200,0.48,1.39,1.39,200
961,199.13,171.23,27.9,200,0.87,1.54,1.54,200
962,199.52,171.72,27.8,200,0.48,1.39,1.39,200
963,199.75,171.97,27.79,200,0.25,1.29,1.29,200
964,198.88,170.98,27.9,200,1.12,1.64,1.64,200
965,198.89,170.98,27.92,200,1.11,1.64,1.64,200
966,199.13,171.23,27.9,200,0.87,1.54,1.54,200
967,199.53,171.72,27.81,200,0.47,1.38,1.38,200
968,199.14,171.23,27.92,200,0.86,1.54,1.54,200
969,199.54,171.72,27.82,200,0.46,1.38,1.38,200
970,199.79,171.97,27.82,200,0.21,1.28,1.28,200
971,198.91,170.98,27.93,200,1.09,1.63,1.63,200
972,199.32,171.47,27.85,200,0.68,1.47,1.47,200
973,199.28,171.47,27.81,200,0.72,1.48,1.48,200
974,199.79,171.97,27.82,200,0.21,1.28,1.28,200
975,199.79,171.97,27.82,200,0.21,1.28,1.28,200
976,198.89,170.98,27.92,200,1.11,1.64,1.64,200
977,199.3,171.47,27.82,200,0.7,1.48,1.48,200
978,198.91,170.98,27.93,200,1.09,1.63,1.63,200
979,199.79,171.97,27.82,200,0.21,1.28,1.28,200
980,198.91,170.98,27.93,200,1.09,1.63,1.63,200
981,199.79,171.97,27.82,200,0.21,1.28,1.28,200
982,199.31,171.47,27.84,200,0.6899999999999999,1.47,1.47,200
983,199.31,171.47,27.84,200,0.6899999999999999,1.47,1.47,200
984,199.31,171.47,27.84,200,0.6899999999999999,1.47,1.47,200
985,198.67,170.73,27.94,200,1.33,1.73,1.73,200
986,199.58,171.72,27.86,200,0.42,1.36,1.36,200
987,199.31,171.47,27.84,200,0.6899999999999999,1.47,1.47,200
988,199.32,171.47,27.85,200,0.68,1.47,1.47,200
989,199.32,171.47,27.85,200,0.68,1.47,1.47,200
990,199.31,171.47,27.84,200,0.6899999999999999,1.47,1.47,200
991,199.31,171.47,27.84,200,0.6899999999999999,1.47,1.47,200
992,199.31,171.47,27.84,200,0.6899999999999999,1.47,1.47,200
993,199.79,171.97,27.82,200,0.21,1.28,1.28,200
994,199.31,171.47,27.84,200,0.6899999999999999,1.47,1.47,200
995,199.31,171.47,27.84,200,0.6899999999999999,1.47,1.47,200
996,198.65,170.73,27.92,200,1.35,1.74,1.74,200
997,198.66,170.73,27.93,200,1.34,1.73,1.73,200
998,199.3,171.47,27.82,200,0.7,1.48,1.48,200
999,198.89,170.98,27.92,200,1.11,1.64,1.64,200
1000,199.54,171.72,27.82,200,0.46,1.38,1.38,200
1001,199.28,171.47,27.81,200,0.72,1.48,1.48,200
1002,199.06,171.23,27.84,200,0.9399999999999999,1.57,1.57,200
1003,198.65,170.73,27.92,200,1.35,1.74,1.74,200
1004,199.3,171.47,27.82,200,0.7,1.48,1.48,200
1005,199.3,171.47,27.82,200,0.7,1.48,1.48,200
1006,199.3,171.47,27.82,200,0.7,1.48,1.48,200
1007,199.3,171.47,27.82,200,0.7,1.48,1.48,200
1008,199.3,171.47,27.82,200,0.7,1.48,1.48,200
1009,199.31,171.47,27.84,200,0.6899999999999999,1.47,1.47,200
1010,199.31,171.47,27.84,200,0.6899999999999999,1.47,1.47,200
1011,197.92,169.99,27.93,200,2.08,2.03,2.03,200
1012,199.31,171.47,27.84,200,0.6899999999999999,1.47,1.47,200
1013,199.31,171.47,27.84,200,0.6899999999999999,1.47,1.47,200
1014,199.57,171.72,27.85,200,0.43,1.37,1.37,200
1015,199.31,171.47,27.84,200,0.6899999999999999,1.47,1.47,200
1016,197.96,169.99,27.97,200,2.04,2.01,2.01,200
1017,198.19,170.24,27.95,200,1.81,1.92,1.92,200
1018,198.19,170.24,27.95,200,1.81,1.92,1.92,200
1019,199.31,171.47,27.84,200,0.6899999999999999,1.47,1.47,200
1020,199.31,171.47,27.84,200,0.6899999999999999,1.47,1.47,200
1021,198.18,170.24,27.94,200,1.82,1.93,1.93,200
1022,199.79,171.97,27.82,200,0.21,1.28,1.28,200
1023,199.31,171.47,27.84,200,0.6899999999999999,1.47,1.47,200
1024,199.79,171.97,27.82,200,0.21,1.28,1.28,200
1025,198.16,170.24,27.93,200,1.84,1.93,1.93,200
1026,199.3,171.47,27.82,200,0.7,1.48,1.48,200
1027,199.31,171.47,27.84,200,0.6899999999999999,1.47,1.47,200
1028,199.78,171.97,27.81,200,0.22,1.29,1.29,200
1029,199.31,171.47,27.84,200,0.6899999999999999,1.47,1.47,200
1030,199.31,171.47,27.84,200,0.6899999999999999,1.47,1.47,200
1031,199.31,171.47,27.84,200,0.6899999999999999,1.47,1.47,200
1032,197.66,169.74,27.92,200,2.34,2.13,2.13,200
1033,197.9,169.99,27.92,200,2.1,2.04,2.04,200
1034,199.79,171.97,27.82,200,0.21,1.28,1.28,200
1035,199.79,171.97,27.82,200,0.21,1.28,1.28,200
1036,199.3,171.47,27.82,200,0.7,1.48,1.48,200
1037,199.05,171.23,27.82,200,0.95,1.58,1.58,200
1038,197.66,169.74,27.92,200,2.34,2.13,2.13,200
1039,199.3,171.47,27.82,200,0.7,1.48,1.48,200
1040,199.31,171.47,27.84,200,0.6899999999999999,1.47,1.47,200
1041,199.06,171.23,27.84,200,0.9399999999999999,1.57,1.57,200
1042,199.31,171.47,27.84,200,0.6899999999999999,1.47,1.47,200
1043,199.31,171.47,27.84,200,0.6899999999999999,1.47,1.47,200
1044,197.69,169.74,27.95,200,2.31,2.12,2.12,200
1045,198.83,170.98,27.85,200,1.17,1.67,1.67,200
1046,199.31,171.47,27.84,200,0.6899999999999999,1.47,1.47,200
1047,199.31,171.47,27.84,200,0.6899999999999999,1.47,1.47,200
1048,197.67,169.74,27.93,200,2.33,2.13,2.13,200
1049,197.68,169.74,27.94,200,2.32,2.13,2.13,200
1050,199.06,171.23,27.84,200,0.9399999999999999,1.57,1.57,200
1051,199.06,171.23,27.84,200,0.9399999999999999,1.57,1.57,200
1052,199.31,171.47,27.84,200,0.6899999999999999,1.47,1.47,200
1053,199.06,171.23,27.84,200,0.9399999999999999,1.57,1.57,200
1054,199.31,171.47,27.84,200,0.6899999999999999,1.47,1.47,200
1055,199.06,171.23,27.84,200,0.9399999999999999,1.57,1.57,200
1056,197.68,169.74,27.94,200,2.32,2.13,2.13,200
1057,199.56,171.72,27.84,200,0.44,1.38,1.38,200
1058,197.68,169.74,27.94,200,2.32,2.13,2.13,200
1059,199.09,171.23,27.86,200,0.91,1.56,1.56,200
1060,199.06,171.23,27.84,200,0.9399999999999999,1.57,1.57,200
1061,199.06,171.23,27.84,200,0.9399999999999999,1.57,1.57,200
1062,199.06,171.23,27.84,200,0.9399999999999999,1.57,1.57,200
1063,197.68,169.74,27.94,200,2.32,2.13,2.13,200
1064,197.68,169.74,27.94,200,2.32,2.13,2.13,200
1065,199.06,171.23,27.84,200,0.9399999999999999,1.57,1.57,200
1066,197.68,169.74,27.94,200,2.32,2.13,2.13,200
1067,199.06,171.23,27.84,200,0.9399999999999999,1.57,1.57,200
1068,197.69,169.74,27.95,200,2.31,2.12,2.12,200
1069,197.68,169.74,27.94,200,2.32,2.13,2.13,200
1070,199.31,171.47,27.84,200,0.6899999999999999,1.48,1.48,200
1071,198.82,170.98,27.84,200,1.18,1.67,1.67,200
1072,199.05,171.23,27.82,200,0.95,1.58,1.58,200
1073,198.58,170.73,27.85,200,1.42,1.77,1.77,200
1074,197.67,169.74,27.93,200,2.33,2.13,2.13,200
1075,199.31,171.47,27.84,200,0.6899999999999999,1.48,1.48,200
1076,198.57,170.73,27.84,200,1.43,1.77,1.77,200
1077,198.57,170.73,27.84,200,1.43,1.77,1.77,200
1078,198.57,170.73,27.84,200,1.43,1.77,1.77,200
1079,197.68,169.74,27.94,200,2.32,2.13,2.13,200
1080,198.82,170.98,27.84,200,1.18,1.67,1.67,200
1081,197.69,169.74,27.95,200,2.31,2.12,2.12,200
1082,198.82,170.98,27.84,200,1.18,1.67,1.67,200
1083,198.82,170.98,27.84,200,1.18,1.67,1.67,200
1084,198.82,170.98,27.84,200,1.18,1.67,1.67,200
1085,199.06,171.23,27.84,200,0.9399999999999999,1.58,1.58,200
1086,197.68,169.74,27.94,200,2.32,2.13,2.13,200
1087,198.83,170.98,27.85,200,1.17,1.67,1.67,200
1088,199.08,171.23,27.85,200,0.92,1.57,1.57,200
1089,199.31,171.47,27.84,200,0.6899999999999999,1.48,1.48,200
1090,198.82,170.98,27.84,200,1.18,1.67,1.67,200
1091,197.69,169.74,27.95,200,2.31,2.12,2.12,200
1092,198.57,170.73,27.84,200,1.43,1.77,1.77,200
1093,199.31,171.47,27.84,200,0.6899999999999999,1.48,1.48,200
1094,198.82,170.98,27.84,200,1.18,1.67,1.67,200
1095,197.71,169.74,27.97,200,2.29,2.12,2.12,200
1096,198.83,170.98,27.85,200,1.17,1.67,1.67,200
1097,198.59,170.73,27.86,200,1.41,1.76,1.76,200
1098,198.84,170.98,27.86,200,1.16,1.66,1.66,200
1099,198.58,170.73,27.85,200,1.42,1.77,1.77,200
1100,198.84,170.98,27.86,200,1.16,1.66,1.66,200
