0,0,195.96,197.82
1,2.66,195.96,197.19
2,4.56,196.22,196.59
3,8.27,195.96,196.01
4,11.03,195.97,195.46
5,13.89,195.96,194.94
6,15.74,196.23,194.45
7,19.46,195.97,193.99
8,22.22,195.99,193.56
9,25.12,195.96,193.16
10,27.89,195.97,192.79
11,30.74,195.96,192.45
12,33.51,195.97,192.15
13,36.37,195.96,191.87
14,38.32,196.21,191.63
15,41.13,196.21,191.41
16,43.9,196.22,191.23
17,46.76,196.21,191.08
18,48.67,196.47,190.96
19,51.53,196.45,190.87
20,53.53,196.69,190.81
21,56.3,196.7,190.79
22,58.21,196.96,190.79
23,61.94,196.7,190.83
24,63.9,196.95,190.9
25,65.81,197.21,191.01
26,69.54,196.95,191.14
27,72.36,196.95,191.31
28,73.5,197.43,191.52
29,75.41,197.69,191.75
30,77.37,197.94,192.02
31,80.24,197.93,192.31
32,83.03,197.94,192.64
33,84.94,198.2,193
34,86.04,198.69,193.4
35,88,198.94,193.82
36,90.83,198.94,194.27
37,93.66,198.94,194.76
38,94.8,199.42,195.28
39,97.59,199.44,195.83
40,97.82,200.18,196.41
41,98.92,200.67,197.02
42,100,200.92,197.65
43,100,201.18,198.31
44,100,201.17,198.99
45,100,201.4,199.68
46,100,201.91,200.4
47,100,202.89,201.13
48,100,202.89,201.88
49,100,203.4,202.65
50,100,203.6,203.44
51,100,204.39,204.24
52,100,204.85,205.06
53,100,205.36,205.89
54,100,206.09,206.74
55,100,206.6,207.61
56,100,207.08,208.49
57,100,207.34,209.38
58,100,208.08,210.29
59,100,208.8,211.21
60,100,208.83,212.15
61,100,210.05,213.1
62,100,210.79,214.06
63,100,211.3,215.04
64,100,211.8,216.02
65,100,212.54,217.02
66,100,213.54,218.03
67,100,214.02,219.05
68,100,215.01,220.09
69,100,215.01,221.13
70,100,216.26,222.18
71,100,217.23,223.25
72,100,217.5,224.32
73,100,219.23,225.41
74,100,218.97,226.5
75,100,220.46,227.61
76,100,221.46,228.72
77,100,222.71,229.84
78,100,222.93,230.97
79,100,223.67,232.11
80,100,224.4,233.26
81,100,224.91,234.41
82,100,226.12,235.58
83,100,227.13,236.75
84,100,228.12,237.93
85,100,229.13,239.11
86,100,229.88,240.31
87,100,230.6,241.51
88,100,232.09,242.72
89,100,232.59,243.93
90,100,233.81,245.15
91,100,234.54,246.38
92,100,235.31,247.61
93,100,237.02,248.85
94,100,237.78,250.1
95,100,239.01,251.35
96,100,239.98,252.61
97,100,240.73,253.87
98,100,242.21,255.14
99,100,243.21,256.41
100,100,244.16,257.69
101,100,245.19,258.97
102,100,246.67,260.26
103,100,247.66,261.55
104,100,248.4,262.85
105,100,250.13,264.15
106,100,250.87,265.45
107,100,252.36,266.76
108,100,253.58,268.08
109,100,254.8,269.4
110,100,256.06,270.72
111,100,256.78,272.05
112,97.89,258.5,273.38
113,97.22,259.5,274.7
114,96.6,260.49,276.02
115,94.21,261.98,277.34
116,92.77,263.2,278.65
117,92.15,264.18,279.96
118,89.9,265.64,281.26
119,89.19,266.65,282.55
120,86.85,268.13,283.84
121,85.37,269.36,285.11
122,83.88,270.59,286.38
123,82.4,271.82,287.64
124,81.02,273.02,288.89
125,79.49,274.26,290.14
126,77.15,275.74,291.37
127,75.63,276.98,292.59
128,74.2,278.2,293.79
129,71.82,279.68,294.99
130,71.2,280.67,296.17
131,68.91,282.13,297.34
132,66.62,283.59,298.5
133,65.06,284.84,299.64
134,62.68,286.32,300.77
135,61.25,287.54,301.88
136,60.64,288.52,302.98
137,58.4,289.96,304.07
138,57.7,290.97,305.14
139,55.37,292.44,306.2
140,53.09,293.9,307.24
141,52.44,294.89,308.27
142,51.02,296.1,309.28
143,48.7,297.57,310.28
144,47.28,298.78,311.26
145,45.77,300.01,312.22
146,44.26,301.25,313.17
147,42.84,302.46,314.1
148,42.24,303.43,315.02
149,40.82,304.64,315.92
150,39.32,305.87,316.81
151,38.72,306.85,317.69
152,37.22,308.08,318.55
153,35.04,309.51,319.39
154,33.59,310.73,320.21
155,33.84,311.46,321.02
156,32.3,312.7,321.82
157,30.89,313.91,322.6
158,30.3,314.88,323.36
159,27.95,316.35,324.12
160,27.4,317.31,324.85
161,26.76,318.3,325.56
162,26.21,319.26,326.27
163,24.77,320.47,326.96
164,24.98,321.21,327.64
165,23.72,322.38,328.3
166,23,323.39,328.95
167,22.45,324.34,329.59
168,21.87,325.32,330.22
169,21.19,326.31,330.83
170,19.8,327.51,331.43
171,20.06,328.24,332.01
172,20.42,328.94,332.59
173,19.88,329.89,333.16
174,18.38,331.12,333.72
175,18.71,331.83,334.26
176,18.1,332.81,334.79
177,18.42,333.52,335.31
178,18.75,334.23,335.83
179,18.1,335.21,336.33
180,17.58,336.16,336.83
181,17.91,336.87,337.32
182,18.24,337.58,337.8
183,18.47,338.32,338.27
184,17.96,339.26,338.74
185,18.15,340.01,339.2
186,18.44,340.73,339.65
187,17.88,341.69,340.1
188,18.21,342.4,340.53
189,19.29,342.89,340.97
190,18.74,343.85,341.4
191,19.02,344.57,341.82
192,20.15,345.05,342.24
193,19.55,346.03,342.66
194,20.73,346.49,343.07
195,20.13,347.47,343.48
196,21.3,347.93,343.88
197,21.69,348.63,344.28
198,21.93,349.36,344.68
199,23.85,349.61,345.08
200,24.1,350.35,345.48
201,24.44,351.05,345.89
202,24.73,351.77,346.29
203,24.98,352.5,346.68
204,26.15,352.97,347.08
205,25.7,353.9,347.48
206,27.53,354.18,347.87
207,27.04,355.12,348.27
208,29.8,355.14,348.67
209,29.3,356.08,349.08
210,30.44,356.56,349.48
211,30.73,357.28,349.89
212,31.87,357.76,350.29
213,32.17,358.48,350.71
214,33.26,358.97,351.12
215,34.44,359.43,351.54
216,33.86,360.4,351.96
217,36.72,360.39,352.38
218,38.65,360.64,352.82
219,38.06,361.61,353.26
220,39.2,362.09,353.71
221,41.22,362.32,354.16
222,41.48,363.05,354.62
223,43.51,363.27,355.08
224,43.72,364.02,355.56
225,44.02,364.73,356.04
226,46.05,364.96,356.52
227,47.1,365.46,357.01
228,49.12,365.69,357.51
229,48.55,366.66,358.03
230,49.74,367.12,358.55
231,51.72,367.36,359.07
232,51.33,368.28,359.61
233,53.17,368.56,360.15
234,53.57,369.25,360.7
235,54.63,369.75,361.26
236,55.86,370.2,361.82
237,56.13,370.93,362.4
238,56.44,371.65,362.98
239,58.47,371.87,363.57
240,58.78,372.59,364.17
241,59.93,373.06,364.78
242,61.08,373.54,365.4
243,61.4,374.26,366.03
244,61.76,374.96,366.67
245,62.82,375.46,367.31
246,63.22,376.15,367.96
247,65.21,376.39,368.62
248,65.53,377.11,369.29
249,65.8,377.83,369.97
250,66.95,378.31,370.66
251,67.27,379.03,371.36
252,67.59,379.74,372.06
253,68.83,380.19,372.78
254,69.06,380.93,373.5
255,70.22,381.41,374.23
256,70.49,382.14,374.97
257,70.02,383.07,375.72
258,70.35,383.79,376.47
259,71.5,384.26,377.22
260,71.78,384.99,377.99
261,72.06,385.72,378.76
262,73.26,386.18,379.55
263,73.58,386.9,380.34
264,73.91,387.61,381.14
265,74.28,388.31,381.94
266,74.56,389.04,382.75
267,74.88,389.75,383.57
268,74.42,390.69,384.4
269,74.7,391.41,385.23
270,74.2,392.37,386.06
271,75.4,392.83,386.9
272,75.73,393.54,387.74
273,75.23,394.49,388.6
274,75.51,395.22,389.45
275,75.79,395.94,390.31
276,75.34,396.88,391.18
277,75.67,397.59,392.05
278,75.21,398.53,392.92
279,76.28,399.03,393.8
280,75.83,399.97,394.68
281,75.37,400.9,395.57
282,74.83,401.86,396.46
283,74.37,402.8,397.34
284,75.49,403.29,398.23
285,75.04,404.22,399.13
286,75.37,404.94,400.03
287,75.7,405.65,400.93
288,74.42,406.82,401.84
289,74.71,407.54,402.75
290,74.26,408.48,403.66
291,73.77,409.43,404.57
292,73.32,410.36,405.48
293,74.43,410.85,406.38
294,73.07,412.05,407.3
295,73.45,412.74,408.21
296,72.12,413.93,409.13
297,71.72,414.85,410.04
298,71.97,415.59,410.95
299,72.35,416.28,411.87
300,71.03,417.47,412.78
301,70.58,418.4,413.69
302,70.14,419.33,414.6
303,70.43,420.06,415.51
304,69.98,420.99,416.42
305,69.54,421.92,417.33
306,69.05,422.87,418.24
307,69.25,423.62,419.15
308,67.93,424.8,420.06
309,67.4,425.76,420.96
310,67.69,426.48,421.86
311,68.12,427.16,422.76
312,65.94,428.59,423.66
313,66.32,429.29,424.55
314,65.79,430.25,425.44
315,65.35,431.18,426.33
316,65.64,431.9,427.22
317,65.16,432.84,428.11
318,64.67,433.79,429
319,63.31,434.98,429.88
320,62.87,435.91,430.75
321,63.21,436.62,431.62
322,62.73,437.57,432.49
323,63.07,438.27,433.36
324,61.76,439.45,434.23
325,62.1,440.16,435.09
326,61.57,441.12,435.95
327,61.09,442.06,436.81
328,59.83,443.23,437.67
329,60.12,443.95,438.51
330,58.91,445.1,439.36
331,59.2,445.82,440.19
332,58.68,446.78,441.03
333,58.2,447.72,441.86
334,57.76,448.65,442.69
335,57.28,449.59,443.52
336,57.58,450.31,444.34
337,57.1,451.25,445.15
338,56.66,452.18,445.97
339,56.96,452.9,446.78
340,55.7,454.07,447.59
341,56,454.79,448.39
342,55.52,455.73,449.19
343,55.87,456.43,449.99
344,55.34,457.39,450.78
345,54.91,458.32,451.57
346,54.52,459.23,452.36
347,54.04,460.17,453.14
348,55.17,460.66,453.92
349,54.69,461.6,454.7
350,53.39,462.78,455.47
351,53.69,463.49,456.24
352,52.48,464.65,457.01
353,52.78,465.36,457.76
354,51.43,466.55,458.52
355,51.78,467.26,459.27
356,50.57,468.41,460.01
357,52.47,468.67,460.75
358,51.95,469.62,461.49
359,52.39,470.3,462.23
360,51.05,471.49,462.97
361,53.04,471.73,463.7
362,51.74,472.9,464.44
363,50.36,474.1,465.17
364,50.71,474.81,465.89
365,51.05,475.51,466.61
366,50.63,476.44,467.33
367,50.88,477.17,468.04
368,51.23,477.87,468.76
369,51.58,478.58,469.47
370,51.84,479.31,470.18
371,51.37,480.25,470.9
372,51.76,480.94,471.6
373,52.16,481.63,472.31
374,52.51,482.34,473.02
375,52.99,483,473.73
376,52.43,483.97,474.44
377,53.7,484.41,475.15
378,53.13,485.38,475.86
379,53.62,486.04,476.56
380,53.84,486.78,477.27
381,54.19,487.49,477.98
382,54.54,488.19,478.69
383,54.8,488.92,479.4
384,54.42,489.84,480.11
385,54.09,490.74,480.82
386,55.13,491.24,481.52
387,54.75,492.16,482.23
388,55.88,492.64,482.94
389,54.59,493.81,483.65
390,54.99,494.5,484.36
391,55.34,495.21,485.06
392,55.6,495.94,485.77
393,55.27,496.84,486.48
394,56.31,497.34,487.18
395,56.67,498.05,487.9
396,57.02,498.75,488.61
397,58.29,499.19,489.32
398,57.82,500.13,490.04
399,58.22,500.82,490.76
400,58.58,501.53,491.48
401,58.07,502.48,492.21
402,59.29,502.93,492.93
403,58.82,503.87,493.65
404,60,504.34,494.38
405,59.49,505.29,495.11
406,60.71,505.75,495.84
407,60.2,506.7,496.58
408,60.56,507.4,497.31
409,60.96,508.09,498.05
410,61.32,508.79,498.79
411,61.67,509.5,499.53
412,62.03,510.2,500.27
413,61.61,511.12,501.02
414,61.97,511.83,501.77
415,61.6,512.74,502.51
416,62.73,513.22,503.26
417,63.14,513.91,504.02
418,63.5,514.61,504.77
419,63.03,515.55,505.53
420,63.44,516.24,506.29
421,64.62,516.71,507.05
422,64.88,517.44,507.82
423,64.42,518.38,508.59
424,64.78,519.08,509.36
425,65.1,519.79,510.14
426,63.82,520.97,510.91
427,64.13,521.68,511.68
428,65.31,522.15,512.45
429,64.8,523.1,513.23
430,66.03,523.56,514.01
431,65.66,524.47,514.8
432,65.15,525.42,515.58
433,65.56,526.11,516.37
434,65.87,526.82,517.15
435,66.23,527.52,517.94
436,65.87,528.44,518.74
437,65.41,529.37,519.53
438,66.45,529.88,520.32
439,65.99,530.82,521.12
440,66.4,531.51,521.91
441,66.71,532.22,522.71
442,67.07,532.92,523.51
443,66.61,533.86,524.32
444,66.25,534.77,525.12
445,67.29,535.28,525.92
446,66.88,536.2,526.73
447,67.24,536.91,527.54
448,66.73,537.85,528.35
449,67.14,538.54,529.16
450,67.5,539.25,529.97
451,67.91,539.94,530.78
452,67.41,540.89,531.6
453,66.99,541.81,532.42
454,66.53,542.75,533.23
455,67.67,543.23,534.04
456,67.26,544.15,534.86
457,67.62,544.85,535.68
458,67.16,545.79,536.5
459,67.43,546.52,537.32
460,67.88,547.19,538.14
461,67.43,548.13,538.97
462,67.74,548.85,539.79
463,68.15,549.54,540.62
464,67.65,550.48,541.45
465,67.14,551.43,542.27
466,67.55,552.12,543.1
467,67.05,553.07,543.93
468,67.45,553.76,544.75
469,67.77,554.48,545.58
470,66.58,555.62,546.41
471,66.81,556.36,547.23
472,67.22,557.05,548.06
473,67.62,557.74,548.89
474,67.16,558.68,549.72
475,67.57,559.37,550.55
476,67.02,560.33,551.38
477,67.38,561.03,552.21
478,66.93,561.97,553.04
479,66.51,562.89,553.87
480,66.78,563.62,554.69
481,67.19,564.31,555.52
482,66.73,565.25,556.35
483,67.05,565.96,557.18
484,66.59,566.9,558.01
485,66.9,567.61,558.84
486,66.49,568.54,559.67
487,65.99,569.49,560.5
488,66.3,570.2,561.32
489,66.71,570.89,562.15
490,66.2,571.84,562.98
491,66.61,572.53,563.8
492,66.93,573.25,564.63
493,65.6,574.43,565.46
494,66.01,575.12,566.29
495,65.55,576.06,567.11
496,65.95,576.75,567.93
497,65.54,577.67,568.76
498,65.08,578.61,569.58
499,65.53,579.28,570.4
500,65.85,580,571.22
501,65.39,580.94,572.04
502,64.88,581.89,572.86
503,65.24,582.59,573.68
504,64.78,583.53,574.5
505,65.14,584.23,575.31
506,65.59,584.9,576.13
507,64.26,586.09,576.95
508,64.67,586.78,577.76
509,64.25,587.7,578.57
510,64.52,588.43,579.38
511,64.92,589.12,580.19
512,65.28,589.82,581.01
513,63.96,591.01,581.82
514,64.36,591.7,582.63
515,64.72,592.4,583.44
516,64.21,593.35,584.25
517,64.62,594.04,585.05
518,64.15,594.98,585.86
519,65.29,595.46,586.67
520,64.87,596.39,587.48
521,64.41,597.32,588.29
522,63.94,598.26,589.09
523,62.66,599.43,589.9
524,64.7,599.65,590.69
525,63.33,600.85,591.5
526,65.37,601.07,592.29
527,64.09,602.25,593.1
528,65.27,602.71,593.9
529,63.98,603.89,594.71
530,64.43,604.56,595.51
531,62.23,606,596.31
532,63.37,606.48,597.1
533,63.72,607.18,597.89
534,64.12,607.87,598.69
535,62.88,609.03,599.48
536,63.15,609.76,600.27
537,63.5,610.47,601.06
538,64.63,610.95,601.85
539,65.9,611.39,602.65
540,64.48,612.6,603.45
541,64.06,613.53,604.25
542,65.33,613.97,605.04
543,63.99,615.16,605.84
544,65.99,615.39,606.63
545,64.7,616.56,607.43
546,65.93,617.02,608.23
547,65.37,617.99,609.03
548,66.59,618.44,609.83
549,65.12,619.67,610.63
550,65.52,620.36,611.43
551,65.97,621.04,612.23
552,66.37,621.73,613.03
553,65.85,622.68,613.83
554,67.07,623.14,614.63
555,67.34,623.87,615.44
556,67.69,624.57,616.25
557,68.18,625.24,617.06
558,67.58,626.21,617.87
559,67.11,627.15,618.68
560,67.6,627.82,619.49
561,67.95,628.52,620.3
562,68.26,629.24,621.12
563,68.61,629.95,621.93
564,68.19,630.87,622.75
565,68.45,631.6,623.57
566,68.89,632.28,624.38
567,69.2,633,625.2
568,68.78,633.93,626.03
569,69.08,634.64,626.85
570,69.48,635.34,627.67
571,68.97,636.29,628.49
572,69.32,636.99,629.32
573,69.71,637.69,630.14
574,69.24,638.63,630.97
575,69.5,639.36,631.8
576,69.08,640.29,632.62
577,71.03,640.53,633.45
578,69.69,641.72,634.29
579,70.04,642.43,635.12
580,70.44,643.12,635.95
581,69.92,644.07,636.79
582,69.49,645,637.62
583,70.62,645.49,638.45
584,69.32,646.66,639.29
585,69.71,647.36,640.12
586,70.8,647.85,640.95
587,70.37,648.78,641.79
588,69.94,649.71,642.63
589,71.07,650.19,643.46
590,69.72,651.38,644.31
591,70.16,652.06,645.14
592,70.46,652.78,645.98
593,69.94,653.74,646.82
594,70.33,654.43,647.66
595,69.9,655.36,648.5
596,71.07,655.83,649.33
597,69.82,656.99,650.18
598,70.12,657.71,651.02
599,69.64,658.66,651.86
600,70.81,659.13,652.69
601,71.11,659.85,653.54
602,69.81,661.03,654.38
603,70.15,661.73,655.22
604,70.45,662.45,656.06
605,70.8,663.16,656.91
606,71.14,663.87,657.75
607,70.66,664.81,658.6
608,70.13,665.77,659.44
609,70.52,666.46,660.29
610,70.82,667.18,661.13
611,70.38,668.11,661.98
612,69.86,669.07,662.82
613,70.24,669.76,663.66
614,70.54,670.48,664.5
615,70.93,671.18,665.35
616,70.4,672.14,666.2
617,71.52,672.62,667.04
618,71.08,673.55,667.89
619,71.47,674.25,668.74
620,70.89,675.22,669.59
621,70.45,676.15,670.44
622,70.88,676.83,671.28
623,70.35,677.79,672.13
624,71.52,678.26,672.98
625,70.2,679.44,673.83
626,70.45,680.18,674.67
627,71.71,680.62,675.52
628,70.35,681.82,676.37
629,71.56,682.28,677.22
630,70.29,683.45,678.07
631,69.8,684.39,678.91
632,70.09,685.11,679.75
633,71.3,685.57,680.6
634,71.64,686.28,681.45
635,71.19,687.22,682.3
636,72.36,687.69,683.15
637,71.08,688.86,684.01
638,72.2,689.35,684.86
639,71.75,690.28,685.71
640,71.26,691.23,686.57
641,71.6,691.94,687.42
642,71.1,692.88,688.27
643,72.26,693.36,689.12
644,71.72,694.32,689.98
645,71.23,695.26,690.83
646,72.3,695.76,691.68
647,71.11,696.91,692.54
648,71.31,697.66,693.39
649,70.9,698.58,694.24
650,71.14,699.32,695.09
651,71.52,700.01,695.94
652,71.85,700.73,696.79
653,71.31,701.69,697.65
654,71.64,702.4,698.5
655,71.97,703.11,699.35
656,71.47,704.06,700.21
657,71.8,704.77,701.06
658,72.08,705.49,701.91
659,71.58,706.44,702.77
660,71.86,707.17,703.62
661,71.41,708.1,704.47
662,71.73,708.82,705.33
663,70.4,710,706.18
664,71.6,710.46,707.03
665,71.01,711.44,707.88
666,71.42,712.13,708.73
667,71.66,712.86,709.58
668,72.03,713.56,710.43
669,72.36,714.28,711.28
670,72.68,714.99,712.14
671,72.22,715.93,713
672,71.71,716.88,713.85
673,71.05,717.87,714.71
674,71.43,718.57,715.55
675,70.12,719.75,716.4
676,71.28,720.22,717.25
677,70.75,721.18,718.1
678,71.13,721.88,718.94
679,72.25,722.36,719.79
680,70.97,723.53,720.64
681,72.14,724.01,721.49
682,71.6,724.97,722.34
683,71.98,725.66,723.19
684,72.27,726.39,724.04
685,71.82,727.32,724.9
686,72.11,728.05,725.75
687,72.39,728.77,726.6
688,71.94,729.7,727.45
689,72.36,730.39,728.3
690,71.77,731.36,729.16
691,72.89,731.85,730.01
692,72.48,732.77,730.86
693,74.38,733.04,731.72
694,73.92,733.97,732.58
695,72.64,735.15,733.44
696,72.96,735.86,734.3
697,74.08,736.35,735.15
698,73.57,737.29,736.02
699,73.07,738.24,736.88
700,73.44,738.94,737.73
701,73.76,739.66,738.59
702,73.3,740.6,739.46
703,74.41,741.08,740.32
704,73.95,742.02,741.18
705,73.44,742.97,742.04
706,74.55,743.46,742.91
707,73.21,744.65,743.77
708,73.48,745.38,744.63
709,74.59,745.87,745.49
710,73.38,747.02,746.36
711,75.28,747.28,747.22
712,73.93,748.47,748.09
713,74.99,748.98,748.96
714,73.69,750.15,749.83
715,75.72,750.38,750.69
716,71.77,752.31,751.57
717,72.09,753.03,752.42
718,74.07,753.27,753.27
719,76.06,753.51,754.14
720,74.7,754.7,755.02
721,75.9,755.16,755.88
722,74.54,756.36,756.76
723,77.32,756.37,757.63
724,74.38,758.02,758.51
725,73.67,759.02,759.38
726,75.7,759.25,760.25
727,74.39,760.43,761.12
728,75.49,760.92,761.99
729,74.92,761.89,762.87
730,75.18,762.62,763.74
731,74.7,763.56,764.62
732,75.01,764.28,765.49
733,75.41,764.97,766.36
734,75.62,765.72,767.24
735,77.7,765.93,768.11
736,75.35,767.41,769
737,77.47,767.61,769.88
738,76.8,768.6,770.77
739,78.04,769.06,771.65
740,76.58,770.28,772.54
741,78.6,770.51,773.43
742,77.19,771.72,774.33
743,77.49,772.44,775.21
744,76.11,773.64,776.11
745,76.32,774.38,776.99
746,76.81,775.05,777.88
747,77.11,775.77,778.77
748,78.16,776.28,779.66
749,77.62,777.24,780.55
750,80.53,777.21,781.45
751,77.47,778.89,782.36
752,75.98,779.37,783.25
753,72.59,780.35,784.14
754,70.08,781.07,785.01
755,66.74,782.03,785.86
756,65.96,782.26,786.7
757,60.88,783.71,787.53
758,58.41,784.42,788.32
759,56.7,784.92,789.11
760,55.12,785.37,789.87
761,51.72,786.35,790.63
762,50.05,786.83,791.36
763,46.74,787.78,792.08
764,43.42,788.73,792.77
765,39.97,789.72,793.44
766,38.34,790.19,794.08
767,35.86,790.9,794.71
768,33.34,791.62,795.31
769,30.82,792.34,795.9
770,28.29,793.07,796.46
771,26.61,793.55,796.99
772,24.93,794.03,797.51
773,22.4,794.76,798.01
774,20.76,795.23,798.49
775,18.23,795.95,798.94
776,16.55,796.43,799.38
777,13.17,797.4,799.79
778,12.33,797.64,800.17
779,10.69,798.11,800.54
780,9,798.59,800.88
781,8.06,798.86,801.21
782,5.53,799.58,801.52
783,3.93,800.04,801.8
784,2.95,800.32,802.06
785,2.99,800.31,802.31
786,1.21,800.82,802.54
787,0.36,801.06,802.75
788,0,801.56,802.94
789,0,801.56,803.12
790,0,801.78,803.29
791,0,802.01,803.45
792,0,802.03,803.59
793,0,802.04,803.72
794,0,802.5,803.85
795,0,802.27,803.96
796,0,802.52,804.06
797,0,802.27,804.15
798,0,802.51,804.24
799,0,802.52,804.31
800,0,802.5,804.37
801,0,802.74,804.43
802,0,802.51,804.47
803,0,802.28,804.51
804,0,802.28,804.53
805,0,802.28,804.55
806,0,802.54,804.56
807,0,802.51,804.57
808,0,802.5,804.56
809,0,802.28,804.55
810,0,802.26,804.53
811,0,802.27,804.5
812,0,802.27,804.47
813,0,802.04,804.43
814,0,801.78,804.38
815,0,802.05,804.32
816,0,801.81,804.26
817,0,801.56,804.19
818,0,801.33,804.12
819,0.2,801.09,804.04
820,0.2,801.09,803.95
821,0.15,801.1,803.86
822,1.85,800.62,803.76
823,2.78,800.35,803.67
824,2.74,800.36,803.58
825,2.74,800.36,803.48
826,4.43,799.88,803.38
827,3.58,800.12,803.28
828,5.27,799.64,803.17
829,5.23,799.65,803.07
830,5.18,799.66,802.96
831,6.87,799.18,802.86
832,6.92,799.17,802.75
833,6.92,799.17,802.65
834,7.72,798.94,802.54
835,9.37,798.47,802.43
836,10.26,798.21,802.33
837,11.11,797.97,802.23
838,11.15,797.96,802.14
839,11.96,797.73,802.04
840,12.8,797.49,801.95
841,13.65,797.25,801.86
842,13.65,797.25,801.77
843,14.5,797.01,801.68
844,15.35,796.76,801.6
845,16.15,796.54,801.52
846,17.05,796.28,801.44
847,17.05,796.28,801.37
848,17.85,796.05,801.3
849,17.95,796.03,801.24
850,18.75,795.8,801.17
851,19.6,795.56,801.11
852,21.34,795.06,801.05
853,20.54,795.29,801.01
854,21.35,795.06,800.96
855,22.24,794.81,800.92
856,22.25,794.81,800.88
857,22.21,794.82,800.84
858,22.26,794.81,800.8
859,23.02,794.59,800.77
860,23.02,794.59,800.74
861,23.07,794.58,800.71
862,23.08,794.58,800.69
863,23.93,794.34,800.66
864,23.18,794.55,800.64
865,23.99,794.33,800.62
866,24.84,794.08,800.6
867,24.84,794.08,800.59
868,24,794.33,800.59
869,24.9,794.07,800.57
870,24.06,794.31,800.57
871,24.91,794.07,800.56
872,24.96,794.06,800.56
873,24.92,794.07,800.56
874,25.77,793.83,800.55
875,25.82,793.82,800.56
876,24.94,794.07,800.57
877,25.84,793.82,800.57
878,25.89,793.8,800.58
879,25,794.06,800.59
880,25.81,793.83,800.6
881,25.82,793.83,800.62
882,25.87,793.82,800.63
883,26.67,793.59,800.65
884,26.68,793.59,800.67
885,25,794.07,800.7
886,25.85,793.83,800.71
887,25.05,794.06,800.74
888,25.86,793.83,800.75
889,25.02,794.07,800.78
890,25.87,793.83,800.8
891,24.94,794.1,800.83
892,25.84,793.84,800.85
893,24.91,794.11,800.88
894,25.85,793.84,800.9
895,24.12,794.34,800.93
896,25.06,794.07,800.95
897,25.07,794.07,800.98
898,25.03,794.08,801.01
899,25.08,794.07,801.03
900,23.44,794.54,801.06
901,23.4,794.55,801.09
902,24.25,794.31,801.11
903,23.41,794.55,801.13
904,23.42,794.55,801.15
905,23.47,794.54,801.18
906,24.37,794.29,801.2
907,22.77,794.74,801.23
908,22.82,794.73,801.25
909,21.94,794.98,801.27
910,21.94,794.98,801.28
911,21.95,794.98,801.3
912,20.22,795.48,801.31
913,21.07,795.24,801.32
914,23.65,794.5,801.33
915,21.08,795.24,801.35
916,22.77,794.76,801.36
917,21.04,795.25,801.38
918,19.4,795.72,801.39
919,22.65,794.79,801.39
920,20.08,795.53,801.41
921,20.13,795.52,801.41
922,20.18,795.51,801.41
923,20.14,795.52,801.42
924,20.1,795.53,801.42
925,19.21,795.79,801.42
926,15.88,796.74,801.42
927,19.26,795.77,801.39
928,20.2,795.51,801.39
929,20.07,795.54,801.39
930,21.81,795.05,801.38
931,18.39,796.03,801.39
932,21.02,795.28,801.38
933,20.09,795.54,801.38
934,21.78,795.06,801.38
935,18.41,796.03,801.38
936,18.46,796.01,801.37
937,20.15,795.53,801.36
938,17.58,796.27,801.35
939,17.58,796.27,801.33
940,16.6,796.55,801.31
941,16.74,796.51,801.28
942,17.54,796.28,801.26
943,18.48,796.01,801.23
944,18.35,796.05,801.22
945,18.45,796.03,801.19
946,17.52,796.29,801.17
947,18.5,796.01,801.15
948,17.61,796.27,801.13
949,17.57,796.28,801.1
950,18.47,796.03,801.07
951,18.38,796.05,801.05
952,18.38,796.05,801.02
953,18.43,796.04,801
954,18.48,796.03,800.97
955,17.64,796.27,800.94
956,18.49,796.03,800.91
957,18.4,796.05,800.89
958,18.45,796.04,800.86
959,19.26,795.81,800.83
960,18.41,796.05,800.81
961,19.26,795.81,800.78
962,19.27,795.81,800.75
963,18.47,796.04,800.73
964,18.39,796.07,800.7
965,18.53,796.03,800.67
966,18.44,796.05,800.64
967,18.49,796.04,800.61
968,18.49,796.04,800.58
969,18.5,796.04,800.55
970,19.3,795.81,800.52
971,18.46,796.05,800.49
972,18.51,796.04,800.46
973,18.47,796.05,800.43
974,18.47,796.05,800.39
975,19.27,795.82,800.36
976,19.32,795.81,800.33
977,18.53,796.04,800.31
978,19.33,795.81,800.27
979,18.49,796.05,800.24
980,18.59,796.03,800.21
981,18.54,796.04,800.18
982,18.5,796.05,800.14
983,18.46,796.07,800.11
984,18.51,796.05,800.08
985,18.56,796.04,800.04
986,18.56,796.04,800.01
987,18.52,796.05,799.97
988,18.53,796.05,799.94
989,17.6,796.32,799.9
990,17.69,796.29,799.86
991,18.63,796.03,799.82
992,19.39,795.81,799.79
993,18.59,796.04,799.75
994,18.55,796.05,799.72
995,17.75,796.28,799.68
996,19.45,795.8,799.64
997,18.65,796.03,799.61
998,18.61,796.04,799.57
999,18.66,796.03,799.54
1000,18.66,796.03,799.5
1001,18.67,796.03,799.46
1002,18.72,796.01,799.43
1003,18.77,796,799.39
1004,18.77,796,799.35
1005,18.78,796,799.32
1006,18.73,796.01,799.28
1007,18.69,796.03,799.24
1008,18.79,796,799.21
1009,18.7,796.03,799.17
1010,18.7,796.03,799.13
1011,18.66,796.04,799.09
1012,18.67,796.04,799.06
1013,18.72,796.03,799.02
1014,18.72,796.03,798.98
1015,18.68,796.04,798.94
1016,17.93,796.26,798.91
1017,19.53,795.8,798.86
1018,18.69,796.04,798.83
1019,18.69,796.04,798.79
1020,18.7,796.04,798.76
1021,18.75,796.03,798.72
1022,18.8,796.01,798.68
1023,18.76,796.03,798.64
1024,18.62,796.07,798.6
1025,18.72,796.04,798.56
1026,18.77,796.03,798.53
1027,18.73,796.04,798.49
1028,18.78,796.03,798.45
1029,18.87,796,798.41
1030,18.87,796,798.37
1031,18.92,795.99,798.34
1032,19.73,795.76,798.3
1033,18.93,795.99,798.27
1034,18.89,796,798.23
1035,18.89,796,798.19
1036,18.05,796.24,798.15
1037,18.95,795.99,798.11
1038,18.91,796,798.08
1039,18.96,795.99,798.04
1040,18.12,796.23,798
1041,18.12,796.23,797.96
1042,18.97,795.99,797.92
1043,18.13,796.23,797.88
1044,18.18,796.22,797.84
1045,18.98,795.99,797.8
1046,18.94,796,797.76
1047,18.1,796.24,797.72
1048,18.95,796,797.68
1049,18.95,796,797.64
1050,18.95,796,797.6
1051,17.27,796.48,797.56
1052,18.12,796.24,797.52
1053,18.12,796.24,797.47
1054,18.12,796.24,797.43
1055,19.73,795.79,797.39
1056,18.93,796.01,797.35
1057,18.89,796.03,797.32
1058,18.85,796.04,797.28
1059,18.9,796.03,797.24
1060,18.1,796.26,797.2
1061,18.02,796.28,797.16
1062,18.86,796.04,797.11
1063,18.82,796.05,797.07
1064,18.83,796.05,797.03
1065,18.08,796.27,796.99
1066,17.99,796.29,796.95
1067,18.08,796.27,796.91
1068,18.89,796.04,796.86
1069,18.89,796.04,796.82
1070,18.05,796.28,796.78
1071,18.05,796.28,796.74
1072,18.01,796.29,796.7
1073,18.95,796.03,796.65
1074,18.02,796.29,796.61
1075,18.07,796.28,796.57
1076,18.07,796.28,796.52
1077,18.08,796.28,796.48
1078,18.03,796.29,796.44
1079,18.93,796.04,796.39
1080,18.18,796.26,796.35
1081,18.09,796.28,796.31
1082,18.89,796.05,796.26
1083,18.9,796.05,796.22
1084,18.06,796.29,796.18
1085,18.06,796.29,796.14
1086,18.16,796.27,796.09
1087,18.11,796.28,796.05
1088,18.07,796.29,796
1089,18.92,796.05,795.96
1090,18.13,796.28,795.92
1091,18.17,796.27,795.87
1092,18.13,796.28,795.83
1093,18.18,796.27,795.78
1094,18.1,796.29,795.74
1095,18.1,796.29,795.69
1096,18.1,796.29,795.65
1097,17.26,796.54,795.6
1098,18.11,796.29,795.55
1099,17.31,796.52,795.5
1100,18.12,796.29,795.45
1101,18.12,796.29,795.41
1102,18.12,796.29,795.36
1103,17.24,796.55,795.32
1104,18.09,796.31,795.26
1105,16.45,796.78,795.22
1106,16.4,796.79,795.16
1107,15.61,797.02,795.1
1108,16.41,796.79,795.04
1109,17.17,796.57,794.99
1110,16.37,796.8,794.93
1111,16.37,796.8,794.87
1112,17.22,796.56,794.82
1113,15.49,797.06,794.76
1114,17.18,796.57,794.7
1115,15.5,797.06,794.64
1116,15.45,797.07,794.58
1117,15.46,797.07,794.51
1118,15.51,797.06,794.44
1119,13.77,797.55,794.38
1120,15.47,797.07,794.3
1121,15.42,797.08,794.23
1122,15.47,797.07,794.16
1123,17.21,796.57,794.09
1124,15.43,797.08,794.03
1125,18.02,796.35,793.96
1126,15.44,797.08,793.91
1127,17.18,796.59,793.84
1128,15.49,797.07,793.78
1129,15.45,797.08,793.7
1130,18.03,796.35,793.63
1131,15.45,797.08,793.58
1132,17.28,796.56,793.5
1133,15.42,797.1,793.44
1134,15.42,797.1,793.37
1135,14.49,797.36,793.3
1136,18.09,796.33,793.22
1137,17.92,796.39,793.16
1138,17.3,796.56,793.1
1139,17.26,796.57,793.04
1140,18.2,796.31,792.97
1141,17.27,796.57,792.92
1142,18.16,796.32,792.85
1143,17.23,796.59,792.8
1144,16.3,796.85,792.73
1145,17.24,796.59,792.67
1146,17.24,796.59,792.6
1147,18.13,796.33,792.54
1148,18.14,796.33,792.48
1149,18.14,796.33,792.42
1150,18.23,796.31,792.37
1151,18.24,796.31,792.31
1152,18.2,796.32,792.25
1153,18.2,796.32,792.2
1154,18.25,796.31,792.14
1155,19.05,796.08,792.09
1156,19.1,796.07,792.03
1157,18.17,796.33,791.98
1158,18.26,796.31,791.93
1159,18.18,796.33,791.87
1160,19.07,796.08,791.82
1161,18.19,796.33,791.77
1162,18.23,796.32,791.72
1163,18.24,796.32,791.66
1164,18.2,796.33,791.61
1165,18.2,796.33,791.56
1166,18.2,796.33,791.5
1167,18.21,796.33,791.45
1168,17.41,796.56,791.4
1169,18.21,796.33,791.34
1170,19.02,796.1,791.29
1171,18.22,796.33,791.24
1172,19.03,796.1,791.19
1173,18.23,796.33,791.14
1174,17.39,796.57,791.09
1175,17.35,796.59,791.03
1176,18.24,796.33,790.98
1177,18.24,796.33,790.92
1178,18.16,796.36,790.87
1179,17.36,796.59,790.82
1180,17.32,796.6,790.77
1181,17.37,796.59,790.71
1182,18.22,796.35,790.65
1183,17.33,796.6,790.6
1184,17.33,796.6,790.55
1185,17.38,796.59,790.49
1186,17.38,796.59,790.43
1187,17.39,796.59,790.38
1188,17.35,796.6,790.32
1189,18.19,796.36,790.27
1190,17.35,796.6,790.21
1191,18.2,796.36,790.16
1192,17.36,796.6,790.11
1193,18.25,796.35,790.05
1194,18.3,796.33,790
1195,18.31,796.33,789.95
1196,17.37,796.6,789.9
1197,17.38,796.6,789.84
1198,17.43,796.59,789.79
1199,17.43,796.59,789.73
1200,17.43,796.59,789.67
1201,17.48,796.57,789.62
1202,17.44,796.59,789.56
1203,17.49,796.57,789.51
1204,16.65,796.82,789.45
1205,17.54,796.56,789.39
1206,16.7,796.8,789.34
1207,17.55,796.56,789.28
1208,17.55,796.56,789.22
1209,16.71,796.8,789.17
1210,17.56,796.56,789.11
1211,17.56,796.56,789.05
1212,17.52,796.57,789
1213,17.52,796.57,788.94
1214,17.53,796.57,788.88
1215,17.48,796.59,788.83
1216,17.53,796.57,788.77
1217,17.49,796.59,788.72
1218,18.29,796.36,788.66
1219,17.5,796.59,788.61
1220,17.46,796.6,788.55
1221,17.46,796.6,788.5
1222,17.55,796.57,788.44
1223,17.51,796.59,788.39
1224,17.52,796.59,788.33
1225,16.67,796.83,788.27
1226,17.52,796.59,788.21
1227,17.57,796.57,788.16
1228,16.68,796.83,788.1
1229,17.53,796.59,788.04
1230,17.49,796.6,787.99
1231,17.54,796.59,787.93
1232,17.54,796.59,787.87
1233,16.7,796.83,787.82
1234,16.7,796.83,787.76
1235,17.51,796.6,787.7
1236,17.51,796.6,787.64
1237,17.51,796.6,787.58
1238,17.56,796.59,787.53
1239,17.52,796.6,787.47
1240,16.72,796.83,787.42
1241,17.57,796.59,787.36
1242,16.73,796.83,787.3
1243,16.69,796.84,787.24
1244,17.58,796.59,787.18
1245,17.54,796.6,787.12
1246,16.7,796.84,787.07
1247,15.9,797.07,787
1248,16.7,796.84,786.94
1249,17.6,796.59,786.88
1250,16.71,796.84,786.82
1251,17.56,796.6,786.76
1252,16.67,796.85,786.7
1253,17.57,796.6,786.64
1254,16.68,796.85,786.58
1255,17.57,796.6,786.52
1256,16.73,796.84,786.46
1257,16.78,796.83,786.4
1258,17.58,796.6,786.34
1259,15.9,797.08,786.28
1260,17.59,796.6,786.22
1261,16.79,796.83,786.16
1262,15.15,797.3,786.1
1263,16.8,796.83,786.03
1264,15.11,797.31,785.97
1265,16.8,796.83,785.89
1266,16.81,796.83,785.83
1267,15.07,797.32,785.77
1268,0,797.08,785.7
1269,0,797.81,785.54
1270,0,797.82,785.38
1271,0,797.58,785.22
1272,0,797.34,785.05
1273,0,796.33,784.88
1274,0,796.61,784.71
1275,0,796.37,784.53
1276,0,795.37,784.35
1277,0,794.9,784.16
1278,0,794.68,783.97
1279,0,793.44,783.78
1280,0,793.49,783.58
1281,0,792.5,783.39
1282,0,792.02,783.18
1283,0,790.8,782.98
1284,0,788.61,782.77
1285,0,787.4,782.56
1286,0,785.96,782.35
1287,0,785.48,782.13
1288,0,783.31,781.91
1289,0,781.11,781.69
1290,0,779.43,781.47
1291,0,777.5,781.24
1292,0,776.09,781.01
1293,0,774.41,780.78
1294,0,772.73,780.55
1295,0,771.54,780.31
1296,0,769.14,780.08
1297,0,767.71,779.84
1298,0,767.01,779.59
1299,0,765.1,779.35
1300,0,762.92,779.1
1301,0,761.5,778.85
1302,0,760.82,778.6
1303,0,759.4,778.35
1304,0,757.23,778.1
1305,0,755.32,777.84
1306,0,754.38,777.59
1307,0,753.7,777.33
1308,0,752.75,777.07
1309,0,751.1,776.8
1310,0,750.39,776.54
1311,0,749.2,776.27
1312,0,747.75,776.01
1313,0,747.07,775.74
1314,0,746.11,775.47
1315,0,744.94,775.2
1316,0,743.76,774.92
1317,0,742.07,774.65
1318,0,740.66,774.37
1319,0,741.18,774.1
1320,0,739.53,773.82
1321,0,739.31,773.54
1322,0,738.13,773.26
1323,0,735.98,772.98
1324,0,735.76,772.7
1325,0,734.6,772.41
1326,0,734.39,772.13
1327,0,733.2,771.84
1328,0,733.02,771.56
1329,0,732.05,771.27
1330,0,731.86,770.98
1331,0,730.17,770.69
1332,0,729.99,770.4
1333,0,728.31,770.11
1334,0,728.37,769.82
1335,0,727.18,769.52
1336,0,727,769.23
1337,0,726.3,768.94
1338,0,726.09,768.64
1339,0,724.93,768.34
1340,0,724.71,768.05
1341,0,723.77,767.75
1342,0,723.09,767.45
1343,0,722.62,767.15
1344,0,721.7,766.85
1345,0,720.77,766.55
1346,0,720.79,766.25
1347,0,720.06,765.95
1348,0,719.14,765.65
1349,0,718.89,765.35
1350,0,718.69,765.04
1351,0,716.98,764.74
1352,0,717.26,764.43
1353,0,716.55,764.13
1354,0,715.86,763.82
1355,0,715.17,763.52
1356,0,714.72,763.21
1357,0,714.5,762.91
1358,0,713.79,762.6
1359,0,713.09,762.29
1360,0,712.64,761.98
1361,0,712.41,761.67
1362,0,711.49,761.37
1363,0,711.26,761.06
1364,0,711.05,760.75
1365,0,710.35,760.44
1366,0,709.9,760.13
1367,0,709.44,759.82
1368,0,709.23,759.51
1369,0,709.01,759.19
1370,0,708.08,758.88
1371,0,707.64,758.57
1372,0,707.41,758.26
1373,0,706.95,757.95
1374,0,706.26,757.63
1375,0,705.8,757.32
1376,0,705.58,757.01
1377,0,705.35,756.69
1378,0,704.43,756.38
