0,2.08,289.79,303.03
1,6.55,289.31,301.89
2,8.49,289.56,300.8
3,13.06,289.05,299.74
4,14.96,289.31,298.73
5,18.62,289.07,297.75
6,21.47,289.05,296.82
7,23.47,289.28,295.93
8,26.27,289.28,295.08
9,29.13,289.27,294.26
10,31.94,289.27,293.49
11,34.79,289.26,292.76
12,37.69,289.23,292.06
13,40.46,289.25,291.41
14,44.17,288.99,290.8
15,45.27,289.48,290.24
16,48.99,289.22,289.71
17,51.76,289.23,289.22
18,53.76,289.46,288.78
19,56.57,289.46,288.37
20,58.58,289.7,288
21,62.25,289.45,287.67
22,65.07,289.45,287.39
23,67.03,289.7,287.15
24,68.99,289.94,286.95
25,70.95,290.19,286.78
26,72.92,290.43,286.65
27,75.74,290.43,286.55
28,78.51,290.45,286.5
29,79.67,290.92,286.49
30,83.35,290.68,286.51
31,85.31,290.92,286.58
32,89,290.68,286.68
33,90.11,291.17,286.83
34,90.45,291.88,287.01
35,94.09,291.64,287.22
36,94.34,292.38,287.47
37,96.31,292.62,287.76
38,99.09,292.64,288.07
39,100,293.11,288.43
40,100,293.82,288.82
41,100,293.82,289.23
42,100,294.31,289.67
43,100,294.56,290.13
44,100,294.79,290.61
45,100,295.28,291.12
46,100,295.76,291.65
47,100,296.48,292.2
48,100,296.72,292.77
49,100,297.7,293.36
50,100,298.19,293.98
51,100,298.67,294.61
52,100,298.68,295.26
53,100,299.4,295.93
54,100,300.39,296.62
55,100,300.39,297.32
56,100,301.61,298.05
57,100,302.12,298.79
58,100,302.84,299.54
59,100,303.58,300.32
60,100,304.57,301.11
61,100,304.57,301.91
62,100,305.54,302.73
63,100,306.27,303.57
64,100,306.74,304.42
65,100,307.72,305.28
66,100,308.22,306.16
67,100,309.44,307.05
68,100,310.41,307.96
69,100,310.66,308.88
70,100,311.65,309.81
71,100,312.61,310.75
72,100,313.37,311.71
73,100,314.33,312.67
74,100,315.07,313.65
75,100,316.04,314.64
76,100,317.25,315.64
77,100,317.73,316.65
78,100,318.71,317.67
79,100,319.68,318.7
80,100,320.65,319.75
81,100,321.85,320.8
82,100,322.58,321.86
83,100,323.8,322.93
84,100,325,324.01
85,100,325.72,325.09
86,100,326.69,326.19
87,100,327.89,327.3
88,100,328.62,328.41
89,100,329.58,329.53
90,100,330.75,330.66
91,100,331.71,331.8
92,100,332.92,332.94
93,100,333.88,334.09
94,100,335.07,335.25
95,100,336.03,336.41
96,100,337.22,337.59
97,100,338.41,338.77
98,100,339.37,339.95
99,100,340.81,341.14
100,100,341.54,342.34
101,100,343.2,343.54
102,100,344.16,344.75
103,99.44,345.14,345.97
104,96.48,346.79,347.18
105,95.94,347.75,348.39
106,94.57,348.95,349.6
107,92.36,350.39,350.8
108,90.95,351.6,352
109,90.42,352.56,353.19
110,89,353.77,354.38
111,88.52,354.72,355.57
112,86.27,356.17,356.76
113,86.62,356.87,357.93
114,83.49,358.57,359.11
115,82.17,359.76,360.27
116,79.92,361.21,361.43
117,79.4,362.16,362.57
118,77.2,363.6,363.72
119,75.74,364.82,364.84
120,74.47,365.99,365.96
121,73.95,366.94,367.08
122,72.59,368.14,368.18
123,71.23,369.33,369.28
124,70.05,370.48,370.37
125,68.55,371.71,371.45
126,67.33,372.86,372.52
127,65,374.33,373.58
128,64.44,375.3,374.62
129,63.22,376.45,375.66
130,61.72,377.68,376.69
131,60.46,378.85,377.7
132,59.11,380.04,378.7
133,57.8,381.22,379.7
134,56.44,382.41,380.68
135,55.83,383.39,381.64
136,53.69,384.8,382.6
137,52.39,385.98,383.55
138,51.08,387.16,384.48
139,48.9,388.59,385.39
140,49.12,389.33,386.29
141,46.99,390.74,387.19
142,46.47,391.69,388.06
143,45.91,392.65,388.93
144,43.69,394.09,389.79
145,44,394.81,390.63
146,41.82,396.23,391.46
147,41.31,397.18,392.28
148,40.79,398.13,393.08
149,39.45,399.32,393.88
150,38.98,400.26,394.66
151,37.59,401.46,395.43
152,37.08,402.41,396.19
153,34.91,403.83,396.94
154,36.05,404.3,397.67
155,34.71,405.49,398.39
156,34.2,406.44,399.1
157,33.69,407.39,399.81
158,33.18,408.33,400.5
159,31.84,409.52,401.18
160,31.38,410.45,401.85
161,31.7,411.17,402.5
162,31.28,412.09,403.15
163,29.98,413.26,403.8
164,30.31,413.97,404.43
165,29.84,414.9,405.05
166,29.34,415.85,405.66
167,29.7,416.55,406.26
168,29.29,417.47,406.86
169,29.61,418.18,407.45
170,29.1,419.13,408.04
171,28.64,420.06,408.61
172,28.97,420.77,409.18
173,29.24,421.49,409.74
174,29.57,422.2,410.3
175,29.11,423.13,410.85
176,30.21,423.62,411.4
177,30.54,424.33,411.94
178,29.99,425.29,412.48
179,30.32,426,413.02
180,30.6,426.72,413.55
181,30.14,427.65,414.07
182,30.47,428.36,414.59
183,31.62,428.83,415.11
184,32.78,429.31,415.63
185,32.28,430.25,416.15
186,32.6,430.96,416.66
187,32.89,431.68,417.17
188,34.13,432.13,417.68
189,34.46,432.84,418.19
190,33.92,433.79,418.7
191,35.07,434.27,419.21
192,36.18,434.75,419.72
193,34.86,435.93,420.23
194,36.8,436.18,420.73
195,37.96,436.65,421.24
196,38.29,437.36,421.75
197,39.45,437.83,422.27
198,39.78,438.54,422.79
199,39.29,439.48,423.3
200,41.27,439.72,423.82
201,40.78,440.66,424.34
202,41.94,441.14,424.86
203,43.1,441.61,425.39
204,44.26,442.08,425.92
205,43.77,443.02,426.45
206,45.75,443.26,426.99
207,46.09,443.97,427.53
208,47.21,444.45,428.08
209,47.59,445.15,428.63
210,47.92,445.85,429.19
211,49.04,446.34,429.75
212,48.6,447.27,430.31
213,50.54,447.52,430.87
214,51.71,447.99,431.45
215,52.04,448.69,432.03
216,53.16,449.18,432.61
217,53.5,449.89,433.21
218,53.84,450.59,433.8
219,54.18,451.3,434.4
220,56.22,451.52,435.01
221,56.56,452.23,435.62
222,56.99,452.91,436.24
223,58.25,453.35,436.87
224,58.59,454.06,437.5
225,58.93,454.77,438.14
226,60.1,455.24,438.79
227,60.45,455.94,439.44
228,60.79,456.65,440.1
229,61.96,457.12,440.76
230,62.3,457.83,441.43
231,63.47,458.3,442.11
232,63.82,459.01,442.79
233,63.34,459.95,443.48
234,63.68,460.65,444.18
235,64.85,461.12,444.87
236,66.02,461.59,445.58
237,64.72,462.77,446.29
238,65.85,463.25,447.01
239,67.84,463.49,447.73
240,67.28,464.46,448.46
241,68.49,464.91,449.2
242,67.93,465.88,449.95
243,69.14,466.34,450.69
244,68.58,467.3,451.45
245,69.84,467.75,452.21
246,68.36,468.98,452.97
247,68.71,469.68,453.74
248,69.2,470.35,454.51
249,72.02,470.35,455.28
250,71.5,471.3,456.07
251,72.77,471.75,456.87
252,71.38,472.95,457.67
253,70.95,473.87,458.47
254,73.04,474.08,459.27
255,72.53,475.04,460.09
256,72.83,475.75,460.91
257,72.36,476.69,461.73
258,73.49,477.18,462.55
259,73.84,477.88,463.39
260,74.24,478.57,464.22
261,74.6,479.28,465.07
262,74.08,480.23,465.92
263,74.57,480.9,466.77
264,74.06,481.85,467.62
265,74.5,482.53,468.48
266,74.81,483.25,469.34
267,73.57,484.41,470.21
268,73.05,485.36,471.07
269,74.23,485.83,471.93
270,74.58,486.53,472.8
271,74.98,487.22,473.68
272,73.7,488.4,474.56
273,74.01,489.11,475.43
274,74.36,489.82,476.31
275,73.9,490.76,477.2
276,72.61,491.93,478.08
277,72.92,492.65,478.96
278,74.14,493.1,479.85
279,72.85,494.28,480.74
280,73.16,494.99,481.63
281,71.88,496.17,482.52
282,73.05,496.64,483.4
283,70.95,498.04,484.3
284,72.12,498.51,485.18
285,71.66,499.45,486.07
286,72.02,500.15,486.96
287,70.78,501.31,487.85
288,71.13,502.02,488.74
289,70.62,502.97,489.63
290,70.16,503.91,490.52
291,70.51,504.61,491.41
292,70.05,505.55,492.3
293,69.59,506.49,493.18
294,69.12,507.42,494.07
295,69.48,508.13,494.95
296,68.2,509.3,495.84
297,67.73,510.24,496.72
298,68.91,510.7,497.6
299,67.63,511.88,498.48
300,67.21,512.8,499.36
301,67.52,513.52,500.23
302,67.1,514.44,501.11
303,66.64,515.38,501.98
304,66.17,516.32,502.85
305,65.71,517.25,503.72
306,66.02,517.97,504.58
307,65.6,518.89,505.45
308,65.14,519.83,506.31
309,64.72,520.76,507.17
310,65.08,521.46,508.03
311,63.8,522.63,508.89
312,63.29,523.58,509.74
313,63.69,524.27,510.59
314,62.41,525.44,511.43
315,62.77,526.14,512.27
316,63.17,526.83,513.12
317,62.66,527.78,513.96
318,62.24,528.71,514.8
319,61.78,529.64,515.63
320,62.14,530.35,516.46
321,60.9,531.5,517.29
322,60.44,532.44,518.12
323,60.84,533.13,518.94
324,61.19,533.83,519.76
325,60.73,534.77,520.58
326,61.09,535.47,521.39
327,60.67,536.4,522.21
328,61.03,537.1,523.02
329,59.75,538.27,523.84
330,60.06,538.98,524.64
331,59.64,539.91,525.45
332,59.95,540.62,526.25
333,59.49,541.56,527.05
334,59.84,542.26,527.85
335,58.52,543.45,528.65
336,58.83,544.16,529.44
337,59.19,544.86,530.23
338,59.54,545.57,531.02
339,59.12,546.49,531.81
340,59.44,547.2,532.6
341,58.97,548.14,533.39
342,58.51,549.08,534.17
343,58.87,549.78,534.95
344,58.4,550.72,535.73
345,58.76,551.42,536.51
346,59.12,552.12,537.28
347,58.66,553.06,538.06
348,58.19,553.99,538.83
349,58.55,554.7,539.6
350,59.68,555.18,540.37
351,59.22,556.11,541.15
352,58.8,557.04,541.92
353,59.16,557.74,542.69
354,59.51,558.44,543.46
355,59.1,559.37,544.22
356,59.45,560.07,544.99
357,59.76,560.78,545.76
358,60.17,561.47,546.52
359,59.7,562.41,547.29
360,60.02,563.12,548.06
361,59.6,564.05,548.82
362,59.14,564.98,549.59
363,60.27,565.47,550.35
364,60.62,566.17,551.11
365,60.98,566.87,551.88
366,61.38,567.56,552.65
367,60.1,568.73,553.41
368,61.32,569.19,554.18
369,60.86,570.12,554.94
370,60.4,571.06,555.71
371,60.71,571.77,556.47
372,61.07,572.48,557.23
373,61.42,573.18,558
374,60.91,574.13,558.76
375,62.91,574.36,559.52
376,59.99,576,560.3
377,62.8,576,561.05
378,61.52,577.17,561.82
379,62.7,577.64,562.59
380,60.6,579.05,563.36
381,61.73,579.53,564.12
382,62.95,579.98,564.88
383,62.49,580.92,565.65
384,63.71,581.38,566.42
385,62.33,582.57,567.2
386,62.74,583.26,567.96
387,59.68,584.94,568.73
388,64.36,584.41,569.49
389,62.99,585.6,570.26
390,64.3,586.03,571.03
391,63.74,587,571.81
392,64.19,587.67,572.58
393,64.41,588.42,573.36
394,65.68,588.86,574.14
395,64.31,590.06,574.93
396,63.8,591.01,575.7
397,64.24,591.68,576.48
398,65.37,592.16,577.26
399,64.96,593.09,578.04
400,66.13,593.56,578.83
401,65.62,594.51,579.62
402,66.02,595.2,580.4
403,67.25,595.65,581.19
404,66.69,596.62,581.99
405,67.05,597.32,582.79
406,67.45,598.01,583.58
407,66.99,598.95,584.39
408,68.21,599.4,585.18
409,66.92,600.58,585.99
410,67.28,601.28,586.79
411,68.41,601.76,587.59
412,67.99,602.68,588.4
413,68.3,603.4,589.21
414,67.88,604.33,590.02
415,68.28,605.02,590.83
416,67.86,605.94,591.64
417,69.04,606.41,592.45
418,69.39,607.11,593.27
419,69.75,607.82,594.09
420,70.06,608.53,594.91
421,68.77,609.71,595.74
422,68.31,610.64,596.56
423,69.44,611.13,597.37
424,68.15,612.3,598.2
425,70.1,612.55,599.02
426,68.86,613.71,599.85
427,70.03,614.18,600.67
428,68.75,615.35,601.5
429,69.88,615.83,602.32
430,68.63,616.99,603.16
431,69.81,617.46,603.98
432,70.16,618.16,604.81
433,69.69,619.1,605.65
434,70,619.82,606.48
435,69.58,620.75,607.32
436,69.98,621.44,608.15
437,70.38,622.13,608.99
438,69.91,623.07,609.82
439,69.49,623.99,610.66
440,69.84,624.7,611.5
441,70.19,625.4,612.33
442,69.72,626.34,613.18
443,69.25,627.28,614.01
444,70.42,627.75,614.85
445,69.95,628.69,615.69
446,69.48,629.63,616.53
447,69.01,630.57,617.37
448,69.32,631.29,618.21
449,69.67,631.99,619.05
450,69.2,632.93,619.89
451,70.37,633.4,620.73
452,69.85,634.35,621.57
453,70.2,635.06,622.41
454,68.91,636.23,623.26
455,70.08,636.7,624.1
456,68.79,637.88,624.94
457,69.09,638.6,625.78
458,68.66,639.52,626.62
459,68.96,640.24,627.46
460,69.31,640.95,628.29
461,68.84,641.89,629.14
462,68.36,642.83,629.97
463,68.71,643.53,630.81
464,69.06,644.24,631.65
465,68.58,645.18,632.49
466,68.98,645.87,633.32
467,69.32,646.58,634.16
468,68.89,647.51,635
469,69.28,648.2,635.84
470,69.63,648.91,636.68
471,69.15,649.85,637.52
472,68.68,650.79,638.36
473,68.2,651.73,639.2
474,68.54,652.44,640.03
475,68.06,653.38,640.87
476,69.23,653.85,641.7
477,67.93,655.03,642.54
478,69.05,655.51,643.38
479,68.57,656.45,644.21
480,68.92,657.16,645.05
481,68.39,658.11,645.89
482,67.91,659.06,646.72
483,69.03,659.54,647.55
484,67.73,660.72,648.39
485,68.11,661.41,649.22
486,68.41,662.13,650.05
487,67.1,663.31,650.88
488,68.27,663.78,651.71
489,68.61,664.49,652.54
490,68.08,665.45,653.37
491,66.82,666.61,654.2
492,68.76,666.86,655.02
493,68.33,667.79,655.85
494,67.79,668.75,656.68
495,66.53,669.91,657.51
496,68.52,670.15,658.33
497,68.03,671.09,659.16
498,68.42,671.79,659.98
499,68.76,672.5,660.81
500,69.14,673.19,661.64
501,68.65,674.14,662.47
502,68.21,675.07,663.3
503,67.72,676.01,664.13
504,68.84,676.5,664.95
505,67.57,677.66,665.78
506,68.69,678.15,666.6
507,69.03,678.86,667.43
508,68.58,679.79,668.26
509,68.09,680.73,669.09
510,68.43,681.44,669.91
511,68.76,682.15,670.74
512,69.14,682.85,671.56
513,68.61,683.81,672.39
514,68.94,684.52,673.22
515,68.54,685.44,674.04
516,69.66,685.92,674.87
517,68.34,687.1,675.7
518,69.5,687.58,676.52
519,68.96,688.54,677.35
520,68.46,689.48,678.18
521,68.8,690.19,679
522,69.96,690.66,679.83
523,68.63,691.85,680.66
524,68.09,692.81,681.48
525,68.47,693.5,682.3
526,67.05,694.71,683.13
527,69.08,694.94,683.94
528,71.12,695.16,684.77
529,68.92,696.6,685.6
530,68.37,697.56,686.43
531,71.23,697.54,687.25
532,68.2,699.21,688.08
533,71.11,699.19,688.9
534,68.9,700.62,689.74
535,70.06,701.1,690.56
536,70.44,701.8,691.39
537,69.2,702.96,692.22
538,71.18,703.19,693.05
539,68.93,704.64,693.88
540,70.22,705.08,694.71
541,70.5,705.8,695.54
542,70.88,706.5,696.37
543,71.11,707.24,697.2
544,70.61,708.19,698.04
545,70.89,708.91,698.87
546,71.3,709.6,699.71
547,72.32,710.11,700.55
548,71.86,711.05,701.39
549,71.4,711.98,702.23
550,71.68,712.71,703.07
551,71.26,713.63,703.91
552,72.33,714.13,704.75
553,70.99,715.32,705.59
554,71.31,716.04,706.43
555,71.68,716.74,707.27
556,72.83,717.21,708.11
557,71.42,718.42,708.96
558,70.93,719.36,709.8
559,71.27,720.07,710.63
560,72.43,720.55,711.47
561,71.11,721.73,712.32
562,71.45,722.44,713.16
563,71.78,723.15,714
564,71.29,724.09,714.84
565,73.23,724.34,715.68
566,72.74,725.29,716.53
567,72.24,726.23,717.38
568,72.53,726.96,718.23
569,72.08,727.89,719.08
570,73.19,728.38,719.92
571,72.69,729.33,720.77
572,73.02,730.04,721.62
573,71.69,731.22,722.47
574,72.85,731.7,723.32
575,73.18,732.41,724.17
576,73.51,733.12,725.02
577,73.84,733.83,725.88
578,73.38,734.77,726.74
579,73.7,735.48,727.59
580,73.2,736.43,728.45
581,73.52,737.14,729.3
582,73.85,737.85,730.16
583,73.34,738.8,731.02
584,73.67,739.52,731.88
585,73.94,740.24,732.73
586,74.27,740.95,733.59
587,74.59,741.67,734.46
588,74.12,742.6,735.32
589,74.44,743.32,736.18
590,73.1,744.51,737.05
591,73.42,745.22,737.9
592,75.36,745.47,738.76
593,74.01,746.66,739.63
594,75.16,747.14,740.5
595,73.77,748.34,741.37
596,74.09,749.06,742.23
597,74.4,749.77,743.09
598,74.72,750.49,743.96
599,74.2,751.44,744.83
600,73.73,752.38,745.7
601,73.99,753.11,746.56
602,73.52,754.05,747.42
603,74.62,754.54,748.29
604,74.93,755.26,749.15
605,74.41,756.21,750.02
606,74.68,756.94,750.89
607,74.99,757.66,751.76
608,74.46,758.61,752.63
609,74.77,759.33,753.5
610,74.2,760.3,754.37
611,73.67,761.25,755.24
612,74.86,761.72,756.11
613,75.22,762.42,756.98
614,75.52,763.14,757.85
615,74.16,764.34,758.73
616,76.14,764.57,759.59
617,75.61,765.53,760.47
618,74.28,766.72,761.35
619,74.59,767.43,762.22
620,74.05,768.39,763.09
621,74.31,769.12,763.96
622,74.66,769.83,764.83
623,74.96,770.55,765.7
624,76.06,771.04,766.57
625,75.52,772,767.45
626,74.98,772.96,768.33
627,75.23,773.69,769.2
628,74.69,774.65,770.08
629,75.79,775.14,770.95
630,75.25,776.1,771.83
631,73.86,777.3,772.71
632,75.84,777.54,773.57
633,75.3,778.5,774.45
634,76.44,778.98,775.33
635,76.78,779.69,776.21
636,75.39,780.89,777.1
637,76.53,781.37,777.97
638,74.3,782.82,778.86
639,76.23,783.07,779.73
640,74.84,784.27,780.61
641,75.18,784.98,781.48
642,76.26,785.47,782.36
643,76.56,786.2,783.24
644,75.96,787.17,784.13
645,76.34,787.87,785.01
646,75.74,788.84,785.89
647,75.19,789.81,786.77
648,75.48,790.53,787.65
649,76.56,791.03,788.53
650,75.16,792.23,789.41
651,75.45,792.95,790.29
652,76.58,793.44,791.17
653,76.02,794.4,792.05
654,76.36,795.11,792.93
655,74.06,796.57,793.82
656,76.08,796.8,794.69
657,76.32,797.54,795.57
658,74.07,798.99,796.45
659,76.04,799.23,797.32
660,74.63,800.43,798.2
661,76.56,800.69,799.08
662,75.19,801.88,799.96
663,76.32,802.37,800.84
664,73.97,803.84,801.72
665,74.29,804.56,802.59
666,73.63,805.55,803.46
667,77.39,805.28,804.33
668,74.23,806.99,805.21
669,76.25,807.22,806.08
670,74.79,808.44,806.96
671,77.65,808.43,807.83
672,76.14,809.67,808.72
673,75.57,810.63,809.6
674,76.64,811.13,810.48
675,75.31,812.32,811.36
676,77.19,812.59,812.23
677,76.66,813.54,813.12
678,76.89,814.28,814
679,76.31,815.25,814.88
680,77.43,815.74,815.76
681,78.55,816.22,816.65
682,77.13,817.44,817.54
683,79.19,817.65,818.43
684,77.67,818.89,819.32
685,78.83,819.37,820.21
686,79.1,820.09,821.11
687,78.56,821.05,822.01
688,78.79,821.79,822.9
689,79.05,822.52,823.8
690,77.62,823.74,824.7
691,79.59,823.98,825.59
692,79.85,824.71,826.49
693,80.12,825.44,827.39
694,80.43,826.16,828.3
695,79.93,827.1,829.21
696,79.3,828.09,830.11
697,79.61,828.81,831.02
698,79.87,829.54,831.92
699,78.43,830.76,832.83
700,78.65,831.5,833.73
701,80.61,831.74,834.63
702,80.02,832.72,835.54
703,80.28,833.45,836.45
704,81.35,833.95,837.36
705,79.9,835.17,838.28
706,81.02,835.66,839.19
707,80.37,836.64,840.11
708,80.63,837.38,841.02
709,79.18,838.6,841.94
710,79.44,839.33,842.84
711,81.36,839.59,843.75
712,80.8,840.55,844.67
713,81.87,841.05,845.59
714,81.27,842.03,846.52
715,79.81,843.25,847.44
716,80.92,843.74,848.35
717,80.32,844.72,849.27
718,79.72,845.69,850.19
719,79.97,846.43,851.1
720,81.07,846.92,852.02
721,81.33,847.65,852.94
722,80.67,848.64,853.87
723,81.83,849.12,854.79
724,80.36,850.34,855.71
725,81.47,850.83,856.63
726,81.67,851.58,857.56
727,81.11,852.55,858.49
728,81.35,853.28,859.41
729,80.74,854.26,860.34
730,80.94,855.01,861.26
731,82.09,855.49,862.18
732,81.48,856.47,863.11
733,81.72,857.2,864.04
734,80.25,858.43,864.97
735,81.35,858.92,865.89
736,82.41,859.42,866.82
737,80.93,860.65,867.76
738,81.17,861.39,868.68
739,80.6,862.36,869.61
740,80.84,863.09,870.53
741,81.94,863.58,871.46
742,82.23,864.31,872.39
743,82.42,865.06,873.33
744,81.8,866.04,874.26
745,81.18,867.03,875.19
746,83.14,867.27,876.12
747,80.79,868.75,877.06
748,81.03,869.48,877.99
749,80.4,870.47,878.92
750,81.5,870.96,879.84
751,83.46,871.21,880.77
752,81.97,872.44,881.71
753,83.02,872.94,882.65
754,80.71,874.41,883.59
755,82.62,874.67,884.52
756,81.99,875.65,885.45
757,81.36,876.64,886.39
758,80.73,877.63,887.32
759,81,878.35,888.25
760,82.1,878.85,889.18
761,83.24,879.33,890.11
762,82.65,880.3,891.05
763,81.9,880.55,891.99
764,76.78,882.01,892.93
765,74.21,882.75,893.83
766,71.63,883.5,894.72
767,68.19,884.48,895.6
768,64.7,885.48,896.45
769,61.26,886.47,897.29
770,59.5,886.98,898.09
771,58.64,887.23,898.89
772,55.19,888.22,899.67
773,50.01,889.7,900.44
774,48.25,890.21,901.16
775,46.52,890.7,901.87
776,44.8,891.2,902.57
777,41.39,892.17,903.24
778,40.49,892.43,903.89
779,36.16,893.67,904.53
780,32.7,894.66,905.14
781,32.71,894.66,905.71
782,31.85,894.91,906.28
783,29.25,895.65,906.83
784,27.47,896.16,907.36
785,24.92,896.89,907.87
786,23.14,897.4,908.36
787,21.41,897.9,908.82
788,18.81,898.64,909.27
789,18.81,898.64,909.68
790,16.16,899.4,910.09
791,15.3,899.64,910.47
792,11.87,900.62,910.84
793,12.69,900.39,911.17
794,10.09,901.13,911.5
795,9.22,901.38,911.8
796,8.26,901.65,912.09
797,6.56,902.14,912.36
798,4.87,902.62,912.6
799,5.69,902.39,912.83
800,4,902.87,913.05
801,3.08,903.13,913.24
802,4.86,902.62,913.42
803,3.12,903.12,913.6
804,1.42,903.6,913.76
805,0.46,903.87,913.9
806,2.24,903.37,914.02
807,2.24,903.37,914.14
808,4.84,902.62,914.24
809,2.23,903.37,914.35
810,4.88,902.61,914.44
811,2.23,903.37,914.53
812,4.87,902.61,914.6
813,2.22,903.37,914.68
814,2.22,903.37,914.73
815,2.21,903.37,914.77
816,0.34,903.9,914.8
817,3.07,903.12,914.81
818,3.94,902.87,914.83
819,4.81,902.62,914.85
820,4.8,902.62,914.86
821,6.63,902.1,914.86
822,5.67,902.37,914.87
823,6.62,902.1,914.87
824,7.45,901.86,914.86
825,8.36,901.6,914.85
826,9.27,901.34,914.84
827,10.09,901.11,914.83
828,11,900.85,914.82
829,10.13,901.09,914.81
830,11.87,900.6,914.79
831,11.87,900.6,914.78
832,13.56,900.11,914.76
833,14.43,899.87,914.75
834,15.34,899.61,914.73
835,16.21,899.36,914.72
836,17.08,899.11,914.71
837,17.9,898.87,914.71
838,18.77,898.63,914.7
839,18.77,898.63,914.7
840,17.9,898.87,914.69
841,18.73,898.64,914.68
842,18.73,898.64,914.67
843,20.51,898.13,914.66
844,20.51,898.13,914.66
845,22.25,897.64,914.66
846,22.25,897.64,914.66
847,21.39,897.88,914.66
848,23.99,897.14,914.66
849,24,897.14,914.67
850,24.87,896.89,914.68
851,25.74,896.64,914.7
852,24.92,896.88,914.72
853,25.74,896.64,914.73
854,25.79,896.63,914.75
855,26.62,896.4,914.77
856,25.71,896.66,914.8
857,27.49,896.15,914.81
858,28.36,895.9,914.84
859,26.63,896.4,914.88
860,28.32,895.91,914.9
861,27.46,896.16,914.94
862,28.33,895.91,914.97
863,28.34,895.91,915.01
864,27.47,896.16,915.05
865,27.48,896.16,915.08
866,28.3,895.93,915.11
867,28.26,895.94,915.15
868,28.31,895.93,915.19
869,27.49,896.16,915.23
870,28.36,895.91,915.26
871,29.19,895.68,915.3
872,28.33,895.93,915.35
873,29.15,895.69,915.39
874,27.42,896.19,915.44
875,28.25,895.95,915.48
876,28.3,895.94,915.52
877,28.26,895.95,915.56
878,28.26,895.95,915.61
879,28.26,895.95,915.65
880,28.27,895.95,915.7
881,28.27,895.95,915.74
882,28.28,895.95,915.79
883,28.28,895.95,915.83
884,27.46,896.19,915.88
885,28.29,895.95,915.92
886,27.47,896.19,915.97
887,28.34,895.94,916.01
888,27.48,896.19,916.06
889,27.48,896.19,916.1
890,28.31,895.95,916.14
891,27.49,896.19,916.19
892,28.32,895.95,916.24
893,27.5,896.19,916.29
894,27.5,896.19,916.33
895,28.33,895.95,916.37
896,27.46,896.2,916.42
897,27.51,896.19,916.47
898,26.65,896.44,916.51
899,27.48,896.2,916.55
900,28.35,895.95,916.6
901,26.62,896.45,916.65
902,27.49,896.2,916.69
903,27.54,896.19,916.74
904,27.54,896.19,916.78
905,26.63,896.45,916.83
906,28.41,895.94,916.87
907,26.73,896.42,916.92
908,26.73,896.42,916.96
909,25.78,896.7,917
910,25.78,896.7,917.04
911,25.83,896.68,917.08
912,25.79,896.7,917.11
913,25.79,896.7,917.15
914,24.93,896.94,917.18
915,24.93,896.94,917.21
916,24.93,896.94,917.24
917,24.94,896.94,917.27
918,24.94,896.94,917.3
919,24.94,896.94,917.33
920,24.9,896.96,917.36
921,24.04,897.2,917.39
922,24.04,897.2,917.41
923,23.22,897.44,917.43
924,24.04,897.2,917.45
925,23.18,897.45,917.47
926,24.05,897.2,917.48
927,23.14,897.46,917.5
928,24.01,897.22,917.51
929,21.41,897.96,917.53
930,22.28,897.71,917.53
931,22.24,897.73,917.54
932,21.42,897.96,917.54
933,22.33,897.7,917.54
934,22.29,897.71,917.55
935,22.29,897.71,917.55
936,22.25,897.73,917.55
937,20.56,898.21,917.55
938,22.25,897.73,917.54
939,20.52,898.22,917.54
940,22.26,897.73,917.53
941,19.7,898.46,917.53
942,21.39,897.97,917.51
943,18.79,898.72,917.5
944,17.88,898.98,917.47
945,20.48,898.23,917.44
946,22.27,897.73,917.42
947,18.75,898.73,917.41
948,21.4,897.97,917.38
949,19.62,898.48,917.37
950,18.76,898.73,917.34
951,20.54,898.22,917.31
952,18.76,898.73,917.28
953,18.76,898.73,917.25
954,18.76,898.73,917.21
955,18.76,898.73,917.17
956,19.63,898.48,917.13
957,18.81,898.72,917.1
958,18.77,898.73,917.06
959,17.81,899,917.02
960,22.38,897.7,916.97
961,19.73,898.46,916.94
962,23.25,897.45,916.9
963,20.6,898.21,916.88
964,21.61,897.92,916.85
965,19.78,898.44,916.82
966,22.48,897.67,916.78
967,22.39,897.7,916.75
968,20.7,898.18,916.72
969,23.35,897.43,916.68
970,23.27,897.45,916.66
971,23.27,897.45,916.64
972,23.22,897.46,916.62
973,23.27,897.45,916.59
974,23.32,897.44,916.57
975,24.15,897.2,916.55
976,25.02,896.96,916.53
977,25.06,896.94,916.52
978,25.02,896.96,916.5
979,25.07,896.94,916.49
980,24.21,897.19,916.48
981,24.21,897.19,916.47
982,25.95,896.7,916.45
983,24.26,897.18,916.45
984,25.08,896.94,916.43
985,24.27,897.18,916.43
986,25.14,896.93,916.41
987,24.27,897.18,916.4
988,25.1,896.94,916.39
989,25.15,896.93,916.39
990,25.1,896.94,916.38
991,25.15,896.93,916.37
992,24.38,897.15,916.37
993,26.07,896.67,916.36
994,25.21,896.92,916.36
995,25.21,896.92,916.35
996,25.26,896.9,916.35
997,23.53,897.4,916.35
998,25.22,896.92,916.33
999,24.31,897.18,916.33
1000,24.36,897.17,916.32
1001,24.31,897.18,916.32
1002,24.32,897.18,916.31
1003,24.32,897.18,916.3
1004,24.32,897.18,916.29
1005,24.28,897.19,916.29
1006,24.28,897.19,916.28
1007,23.42,897.44,916.27
1008,23.42,897.44,916.26
1009,24.29,897.19,916.25
1010,22.56,897.69,916.24
1011,23.43,897.44,916.23
1012,23.43,897.44,916.22
1013,21.74,897.92,916.2
1014,21.75,897.92,916.18
1015,22.61,897.67,916.16
1016,22.57,897.69,916.15
1017,22.62,897.67,916.13
1018,22.62,897.67,916.11
1019,21.76,897.92,916.09
1020,21.76,897.92,916.07
1021,22.58,897.69,916.05
1022,22.59,897.69,916.03
1023,21.72,897.93,916.01
1024,21.68,897.95,915.98
1025,21.72,897.93,915.96
1026,21.68,897.95,915.93
1027,22.55,897.7,915.91
1028,20.82,898.2,915.89
1029,20.86,898.18,915.85
1030,20.87,898.18,915.82
1031,20.87,898.18,915.79
1032,21.74,897.93,915.76
1033,20.87,898.18,915.73
1034,21.7,897.95,915.7
1035,20.83,898.2,915.67
1036,21.7,897.95,915.63
1037,20.79,898.21,915.6
1038,21.66,897.96,915.57
1039,19.88,898.47,915.54
1040,21.66,897.96,915.5
1041,19.93,898.46,915.46
1042,20.75,898.22,915.42
1043,21.62,897.97,915.38
1044,20.85,898.2,915.35
1045,20.85,898.2,915.31
1046,19.98,898.44,915.27
1047,20.85,898.2,915.23
1048,20.85,898.2,915.19
1049,20.86,898.2,915.15
1050,20.9,898.18,915.11
1051,20.86,898.2,915.07
1052,21.73,897.95,915.03
1053,21.78,897.93,914.99
1054,20.91,898.18,914.96
1055,20.91,898.18,914.91
1056,21.83,897.92,914.87
1057,22.65,897.69,914.84
1058,21.83,897.92,914.8
1059,20.97,898.17,914.77
1060,21.01,898.16,914.73
1061,21.88,897.91,914.68
1062,22.8,897.65,914.65
1063,21.02,898.16,914.61
1064,21.93,897.9,914.57
1065,21.11,898.13,914.54
1066,21.89,897.91,914.49
1067,20.98,898.17,914.46
1068,20.98,898.17,914.41
1069,21.85,897.92,914.37
1070,22.72,897.67,914.33
1071,20.99,898.17,914.3
1072,20.99,898.17,914.26
1073,21.82,897.93,914.21
1074,21.82,897.93,914.18
1075,21.78,897.95,914.14
1076,20.91,898.2,914.1
1077,22.65,897.7,914.05
1078,20.96,898.18,914.02
1079,22.65,897.7,913.98
1080,21.74,897.96,913.94
1081,21.79,897.95,913.9
1082,22.61,897.71,913.86
1083,21.79,897.95,913.83
1084,20.01,898.46,913.79
1085,22.66,897.7,913.74
1086,21.75,897.96,913.7
1087,21.8,897.95,913.67
1088,20.93,898.2,913.63
1089,22.67,897.7,913.58
1090,20.07,898.44,913.55
1091,22.63,897.71,913.5
1092,20.9,898.21,913.46
1093,19.12,898.72,913.42
1094,19.99,898.47,913.36
1095,19.99,898.47,913.31
1096,19.99,898.47,913.26
1097,19.99,898.47,913.21
1098,20.86,898.22,913.16
1099,19.99,898.47,913.11
1100,21.78,897.96,913.06
1101,20,898.47,913.02
1102,19.13,898.72,912.96
1103,21.83,897.95,912.91
1104,20.05,898.46,912.86
1105,22.74,897.69,912.81
1106,20.92,898.21,912.77
1107,22.75,897.69,912.72
1108,20.92,898.21,912.69
1109,22.75,897.69,912.64
1110,18.23,898.98,912.6
1111,19.1,898.73,912.54
1112,20.93,898.21,912.48
1113,22.71,897.7,912.43
1114,21.76,897.97,912.39
1115,23.59,897.45,912.34
1116,21.76,897.97,912.31
1117,22.72,897.7,912.27
1118,22.63,897.73,912.23
1119,21.77,897.97,912.19
1120,21.77,897.97,912.14
1121,21.73,897.99,912.1
1122,21.73,897.99,912.06
1123,22.55,897.75,912.02
1124,21.73,897.99,911.98
1125,21.69,898,911.93
1126,21.74,897.99,911.89
1127,21.74,897.99,911.85
1128,22.61,897.74,911.81
1129,22.66,897.73,911.77
1130,22.66,897.73,911.73
1131,22.71,897.71,911.69
1132,21.8,897.97,911.66
1133,21.8,897.97,911.62
1134,22.67,897.73,911.57
1135,22.67,897.73,911.54
1136,20.94,898.22,911.5
1137,21.81,897.97,911.46
1138,21.76,897.99,911.42
1139,20.9,898.23,911.37
1140,22.68,897.73,911.33
1141,21.81,897.97,911.29
1142,21.77,897.99,911.25
1143,21.77,897.99,911.21
1144,21.77,897.99,911.17
1145,20.91,898.23,911.13
1146,20.91,898.23,911.08
1147,20.96,898.22,911.04
1148,20.05,898.48,910.99
1149,20.09,898.47,910.94
1150,20.92,898.23,910.89
1151,20.92,898.23,910.84
1152,22.66,897.74,910.8
1153,20.06,898.48,910.76
1154,20.92,898.23,910.71
1155,20.93,898.23,910.66
1156,20.11,898.47,910.61
1157,20.93,898.23,910.56
1158,20.93,898.23,910.51
1159,20.07,898.48,910.47
1160,19.24,898.72,910.41
1161,20.98,898.22,910.36
1162,20.98,898.22,910.31
1163,20.12,898.47,910.26
1164,20.12,898.47,910.21
1165,20.08,898.48,910.15
1166,20.12,898.47,910.1
1167,19.26,898.72,910.05
1168,20.12,898.47,909.99
1169,19.26,898.72,909.93
1170,20.13,898.47,909.87
1171,19.26,898.72,909.82
1172,19.22,898.73,909.76
1173,20.09,898.48,909.7
1174,19.22,898.73,909.64
1175,19.22,898.73,909.58
1176,20.14,898.47,909.51
1177,20.14,898.47,909.46
1178,20.14,898.47,909.4
1179,20.14,898.47,909.34
1180,20.14,898.47,909.28
1181,21.01,898.22,909.23
1182,19.28,898.72,909.17
1183,20.15,898.47,909.11
1184,20.1,898.48,909.05
1185,19.28,898.72,908.99
1186,20.97,898.23,908.93
1187,20.11,898.48,908.87
1188,19.24,898.73,908.81
1189,19.24,898.73,908.75
1190,19.29,898.72,908.68
1191,20.16,898.47,908.62
1192,19.34,898.7,908.56
1193,21.07,898.21,908.49
1194,21.12,898.2,908.44
1195,20.26,898.44,908.38
1196,21.17,898.18,908.32
1197,21.13,898.2,908.27
1198,21.17,898.18,908.21
1199,21.13,898.2,908.16
1200,20.31,898.43,908.1
1201,20.27,898.44,908.05
1202,20.27,898.44,907.99
1203,22.05,897.93,907.93
1204,21.18,898.18,907.88
1205,22.92,897.69,907.82
1206,21.19,898.18,907.78
1207,22.1,897.92,907.73
1208,21.33,898.14,907.68
1209,21.33,898.14,907.63
1210,21.24,898.17,907.57
1211,21.24,898.17,907.52
1212,20.38,898.42,907.47
1213,20.38,898.42,907.41
1214,19.51,898.67,907.36
1215,21.2,898.18,907.29
1216,20.34,898.43,907.24
1217,21.21,898.18,907.18
1218,20.34,898.43,907.13
1219,20.34,898.43,907.07
1220,20.34,898.43,907.02
1221,19.48,898.68,906.96
1222,21.21,898.18,906.9
1223,21.31,898.16,906.84
1224,21.31,898.16,906.79
1225,20.49,898.39,906.74
1226,20.49,898.39,906.68
1227,21.36,898.14,906.63
1228,20.49,898.39,906.57
1229,20.5,898.39,906.52
1230,20.5,898.39,906.46
1231,19.59,898.65,906.41
1232,19.63,898.64,906.34
1233,19.63,898.64,906.28
1234,19.59,898.65,906.22
1235,18.72,898.9,906.16
1236,17.81,899.16,906.09
1237,18.73,898.9,906.02
1238,18.73,898.9,905.95
1239,20.42,898.42,905.88
1240,17.82,899.16,905.82
1241,21.33,898.16,905.75
1242,16.95,899.41,905.69
1243,21.29,898.17,905.61
1244,16.86,899.43,905.56
1245,18.6,898.94,905.48
1246,20.43,898.42,905.41
1247,18.69,898.91,905.34
1248,19.56,898.67,905.27
1249,18.65,898.93,905.21
1250,19.47,898.69,905.13
1251,17.65,899.21,905.07
1252,19.43,898.7,904.99
1253,19.43,898.7,904.92
1254,21.3,898.17,904.85
1255,19.43,898.7,904.79
1256,20.39,898.43,904.72
1257,19.44,898.7,904.66
1258,21.31,898.17,904.59
1259,19.53,898.68,904.53
1260,20.4,898.43,904.46
1261,19.4,898.72,904.4
1262,21.27,898.18,904.33
1263,20.4,898.43,904.27
1264,21.23,898.2,904.21
1265,20.41,898.43,904.15
1266,20.45,898.42,904.09
1267,21.32,898.17,904.03
1268,22.15,897.93,903.97
1269,21.28,898.18,903.92
1270,21.28,898.18,903.86
1271,21.29,898.18,903.8
1272,22.16,897.93,903.75
1273,21.33,898.17,903.7
1274,21.34,898.17,903.64
1275,21.34,898.17,903.59
1276,21.39,898.16,903.53
1277,20.52,898.4,903.48
1278,21.34,898.17,903.42
1279,21.35,898.17,903.36
1280,22.26,897.91,903.31
1281,21.35,898.17,903.26
1282,21.35,898.17,903.21
1283,21.35,898.17,903.16
1284,21.31,898.18,903.1
1285,21.31,898.18,903.05
1286,21.27,898.2,903
1287,21.27,898.2,902.95
1288,20.45,898.43,902.89
1289,21.27,898.2,902.84
1290,21.23,898.21,902.78
1291,21.23,898.21,902.73
1292,20.41,898.44,902.68
1293,22.1,897.96,902.62
1294,22.15,897.95,902.58
1295,21.28,898.2,902.53
1296,20.42,898.44,902.48
1297,21.24,898.21,902.42
1298,21.24,898.21,902.37
1299,21.25,898.21,902.32
1300,21.25,898.21,902.27
1301,21.25,898.21,902.22
1302,22.12,897.96,902.17
1303,21.25,898.21,902.13
1304,21.25,898.21,902.08
1305,21.21,898.22,902.03
1306,20.39,898.46,901.98
1307,21.26,898.21,901.92
1308,21.26,898.21,901.87
1309,21.26,898.21,901.82
1310,21.27,898.21,901.77
1311,21.27,898.21,901.72
1312,20.4,898.46,901.68
1313,21.27,898.21,901.62
1314,21.27,898.21,901.57
1315,20.45,898.44,901.52
1316,21.32,898.2,901.47
1317,20.46,898.44,901.42
1318,20.41,898.46,901.37
1319,21.33,898.2,901.32
1320,21.28,898.21,901.27
1321,19.59,898.69,901.22
1322,19.6,898.69,901.16
1323,21.33,898.2,901.1
1324,20.51,898.43,901.05
1325,20.56,898.42,901
1326,19.74,898.65,900.95
1327,21.43,898.17,900.89
1328,21.43,898.17,900.84
1329,20.57,898.42,900.79
1330,20.61,898.4,900.74
1331,20.57,898.42,900.69
1332,19.7,898.67,900.64
1333,20.62,898.4,900.58
1334,19.75,898.65,900.52
1335,19.8,898.64,900.47
1336,19.75,898.65,900.41
1337,19.75,898.65,900.35
1338,19.76,898.65,900.29
1339,19.8,898.64,900.23
1340,19.85,898.63,900.18
1341,19.85,898.63,900.12
1342,19.85,898.63,900.06
1343,19.03,898.86,900
1344,19.03,898.86,899.94
1345,20.72,898.38,899.87
1346,19.04,898.86,899.82
1347,19.9,898.61,899.75
1348,19.86,898.63,899.7
1349,19.86,898.63,899.64
1350,19.86,898.63,899.58
1351,18.95,898.89,899.52
1352,19.82,898.64,899.45
1353,19,898.87,899.39
1354,19.82,898.64,899.32
1355,19,898.87,899.26
1356,19.05,898.86,899.2
1357,19.05,898.86,899.13
1358,19.05,898.86,899.06
1359,19.96,898.6,899
1360,19.97,898.6,898.94
1361,19.97,898.6,898.88
1362,19.1,898.85,898.81
