0,100,36.72,36.426
1,100,36.73,36.409
2,100,36.73,36.413
3,100,36.61,36.437
4,100,36.76,36.483
5,100,36.73,36.549
6,100,36.73,36.634
7,100,36.73,36.74
8,100,36.98,36.865
9,100,35.87,37.009
10,100,36.62,37.171
11,100,36.98,37.353
12,100,35.87,37.553
13,100,35.87,37.77
14,100,38.51,38.006
15,100,35.89,38.258
16,100,39,38.528
17,100,38.65,38.815
18,100,38.89,39.119
19,100,39.23,39.439
20,100,38.97,39.776
21,100,39.46,40.128
22,100,41.06,40.496
23,100,40.12,40.879
24,100,40.43,41.278
25,100,41.03,41.691
26,100,40.66,42.12
27,100,40.39,42.563
28,100,42.1,43.02
29,100,42.56,43.491
30,100,42.3,43.977
31,100,43.04,44.476
32,100,44.37,44.988
33,100,42.55,45.514
34,100,44.86,46.053
35,100,44.93,46.605
36,100,46.88,47.169
37,100,48.05,47.746
38,100,47.07,48.335
39,100,47.32,48.937
40,100,48.91,49.55
41,100,48.75,50.175
42,100,50.7,50.812
43,100,50.18,51.46
44,100,52.02,52.119
45,100,54.29,52.79
46,100,53.53,53.471
47,100,55.38,54.163
48,100,55.73,54.866
49,100,55.84,55.579
50,100,58.12,56.302
51,100,57.52,57.035
52,100,57.99,57.778
53,100,59.05,58.532
54,100,58.54,59.294
55,100,58.8,60.066
56,100,61.7,60.848
57,100,60.95,61.639
58,100,62.15,62.439
59,100,64.1,63.247
60,100,64.11,64.065
61,100,65.8,64.891
62,100,64.5,65.726
63,100,65.45,66.569
64,100,66.28,67.42
65,100,67.23,68.28
66,100,67.38,69.147
67,100,69.41,70.023
68,100,69.56,70.906
69,100,71.24,71.797
70,100,71.09,72.695
71,100,72.45,73.601
72,100,73.42,74.514
73,100,72.54,75.435
74,100,73.03,76.362
75,100,75.19,77.296
76,100,75.11,78.238
77,100,76.56,79.186
78,100,78.84,80.14
79,100,78.98,81.102
80,100,80.77,82.069
81,100,81.27,83.043
82,100,79.54,84.024
83,100,80.99,85.01
84,100,81.97,86.003
85,100,85.28,87.001
86,100,85.36,88.006
87,100,86.85,89.016
88,100,86.83,90.032
89,100,88.78,91.053
90,100,90.24,92.081
91,100,90.6,93.113
92,100,92.91,94.151
93,100,94.26,95.194
94,100,93.61,96.242
95,100,97.05,97.296
96,100,95.07,98.354
97,100,98.51,99.418
98,100,99.12,100.49
99,100,101.32,101.56
100,100,102.43,102.64
101,100,103.07,103.72
102,100,104.13,104.81
103,100,104.34,105.9
104,100,106.45,106.99
105,100,107.93,108.09
106,100,108.98,109.2
107,100,109.22,110.31
108,100,110.44,111.42
109,100,113.54,112.54
110,100,114.87,113.66
111,100,116.34,114.79
112,100,117.8,115.91
113,100,119.76,117.05
114,100,120.51,118.18
115,100,119.99,119.32
116,100,122.11,120.47
117,100,122.68,121.62
118,100,125.89,122.77
119,100,126.27,123.92
120,100,127.75,125.08
121,100,129.46,126.24
122,100,128.8,127.41
123,98.38,130.78,128.58
124,94.7,133.49,129.75
125,94.05,133.99,130.95
126,90.5,136.6,132.15
127,91.38,135.96,133.37
128,87.85,138.56,134.59
129,84.71,140.88,135.82
130,83.86,141.52,137.06
131,80.71,143.83,138.31
132,79.38,144.82,139.57
133,78.39,145.56,140.83
134,75.04,148.02,142.1
135,73.52,149.15,143.38
136,74.43,148.49,144.66
137,72.09,150.21,145.93
138,67.84,153.34,147.21
139,66.51,154.32,148.5
140,65.05,155.4,149.79
141,62.3,157.42,151.08
142,61.16,158.27,152.38
143,59.15,159.75,153.68
144,57.32,161.1,154.98
145,55.1,162.73,156.28
146,53.99,163.55,157.58
147,51.63,165.29,158.88
148,49.07,167.18,160.18
149,47.07,168.65,161.48
150,45.93,169.49,162.78
151,43.22,171.48,164.08
152,41.9,172.46,165.37
153,41,173.12,166.67
154,37.87,175.42,167.95
155,37.19,175.93,169.24
156,35.84,176.92,170.52
157,34.64,177.8,171.79
158,33.53,178.62,173.06
159,31.85,179.86,174.32
160,27.77,182.85,175.57
161,26.77,183.59,176.83
162,25.21,184.74,178.08
163,24.06,185.58,179.33
164,24.1,185.56,180.56
165,20.04,188.54,181.78
166,18.67,189.54,183.01
167,20.38,188.29,184.22
168,18.38,189.76,185.42
169,14.29,192.76,186.61
170,15.34,191.99,187.8
171,11.38,194.89,188.97
172,9.36,196.38,190.14
173,8.56,196.96,191.31
174,8.94,196.69,192.47
175,6.2,198.69,193.6
176,4.18,200.18,194.74
177,2.95,201.08,195.86
178,4.21,200.15,196.98
179,0,203.42,198.07
180,0,204.38,199.17
181,0,204.55,200.24
182,0,205.53,201.31
183,0,205.36,202.35
184,0,208.36,203.38
185,0,208.75,204.39
186,0,207.84,205.39
187,0,210.98,206.37
188,0,211.72,207.34
189,0,212.56,208.29
190,0,211.8,209.22
191,0,214.95,210.15
192,0,213.53,211.05
193,0,213.8,211.95
194,0,216.29,212.83
195,0,216.67,213.69
196,0,216,214.55
197,0,217.5,215.38
198,0,218.72,216.21
199,0,220.74,217.02
200,0,221.24,217.82
201,0,219.73,218.61
202,0,223.21,219.39
203,0,221.46,220.15
204,0,223.72,220.9
205,0,224.72,221.64
206,0,224.37,222.37
207,0,224.87,223.08
208,0,224.19,223.79
209,0,226.82,224.48
210,0,227.18,225.16
211,0,227.93,225.83
212,0,228.42,226.49
213,0,229.05,227.15
214,0,227.65,227.79
215,0,228.64,228.42
216,0,230.4,229.04
217,0,231.3,229.65
218,0,232.05,230.25
219,0,230.4,230.84
220,0,232.17,231.42
221,0,231.62,231.99
222,0,233.03,232.55
223,0,234.02,233.11
224,0,234.86,233.65
225,0,233.85,234.19
226,0,235.37,234.71
227,0,235.1,235.23
228,0,235.08,235.74
229,0,235.59,236.25
230,0,237.36,236.74
231,0,236.1,237.23
232,0,238.24,237.7
233,0,236.6,238.17
234,0,237.1,238.64
235,0,239.32,239.09
236,0,240.45,239.54
237,0,240.32,239.98
238,0,240.45,240.41
239,0,240.47,240.84
240,0,241.57,241.26
241,0,240.96,241.67
242,0,242.55,242.08
243,0,240.79,242.48
244,0,241.55,242.87
245,0,242.81,243.25
246,0,242.29,243.63
247,0,244.18,244
248,0,244.43,244.37
249,0,244.53,244.73
250,0,244.78,245.09
251,0,244.78,245.44
252,0,243.52,245.78
253,0,246.51,246.11
254,0,245.17,246.45
255,0,244.51,246.77
256,0,246.17,247.09
257,0,245.02,247.41
258,0,246.42,247.72
259,0,246.44,248.02
260,0,247.16,248.32
261,0,248.15,248.61
262,0,248.25,248.9
263,0,248.41,249.18
264,0,248.26,249.46
265,0,248.26,249.74
266,0,248.41,250.01
267,0,247.5,250.27
268,0,248.65,250.53
269,0,248.9,250.79
270,0,249.64,251.04
271,0,249.64,251.28
272,0,249.91,251.53
273,0,250.15,251.76
274,0,250.63,252
275,0,249.24,252.23
276,0,250.99,252.45
277,0,249.73,252.67
278,0,251.13,252.89
279,0,250.22,253.1
280,0,251.99,253.31
281,0,252.37,253.52
282,0,252.37,253.72
283,0,252.37,253.92
284,0,252.73,254.12
285,0,252.48,254.31
286,0,251.22,254.5
287,0,251.46,254.68
288,0,252.61,254.86
289,0,251.46,255.04
290,0,251.46,255.21
291,0,251.46,255.38
292,0,253.96,255.55
293,0,254.2,255.72
294,0,253.85,255.88
295,0,252.45,256.04
296,0,252.7,256.19
297,0,252.69,256.34
298,0,254.12,256.49
299,0,254.35,256.64
300,0,254.95,256.78
301,0,254.95,256.92
302,0,254.6,257.06
303,0,254.6,257.2
304,0,254.61,257.33
305,0,253.2,257.46
306,0,255.2,257.59
307,0,255.44,257.71
308,0,253.94,257.83
309,0,254.44,257.95
310,0,256.72,258.07
311,0,256.2,258.19
312,0,254.21,258.3
313,0,254.69,258.41
314,0,256.35,258.52
315,0,256.35,258.62
316,0,254.7,258.73
317,0,254.94,258.83
318,0,256.2,258.93
319,0,256.34,259.02
320,0,255.2,259.12
321,0,255.44,259.21
322,0,255.44,259.3
323,0,257.21,259.39
324,0,256.61,259.48
325,0,255.2,259.56
326,0,256.6,259.64
327,0,255.43,259.72
328,0,255.43,259.8
329,0,256.83,259.88
330,0,255.43,259.95
331,0,257.08,260.03
332,0,258.17,260.1
333,0,255.44,260.17
334,0,257.09,260.24
335,0,257.83,260.3
336,0,258.44,260.37
337,0,257.6,260.43
338,0,258.21,260.49
339,0,257.84,260.55
340,0,258.69,260.61
341,0,257.84,260.67
342,0,258.09,260.72
343,0,258.1,260.78
344,0,258.1,260.83
345,0,256.47,260.88
346,0,258.71,260.93
347,0,258.71,260.98
348,0,258.61,261.03
349,0,258.87,261.07
350,0,258.97,261.12
351,0,258.49,261.16
352,0,258.64,261.2
353,0,258.87,261.24
354,0,258.73,261.28
355,0,258.96,261.32
356,0,258.96,261.35
357,0,258.86,261.39
358,0,258.86,261.42
359,0,258.96,261.45
360,0,258.96,261.49
361,0,257.47,261.52
362,0,257.47,261.55
363,0,257.48,261.57
364,0,258.97,261.6
365,0,258.97,261.63
366,0,257.47,261.65
367,0,257.47,261.68
368,0,258.87,261.7
369,0,257.47,261.72
370,0,258.87,261.74
371,0,257.71,261.76
372,0,258.87,261.78
373,0,257.71,261.8
374,0,259.12,261.82
375,0,258.97,261.83
376,0,259.48,261.85
377,0,259,261.86
378,0,259,261.88
379,0,259.12,261.89
380,0,258.97,261.9
381,0,258.99,261.91
382,0,257.96,261.92
383,0,257.73,261.93
384,0,258.88,261.94
385,0,259,261.95
386,0,258.88,261.95
387,0,259.24,261.96
388,0,259.24,261.96
389,0,258.23,261.97
390,0,258.87,261.97
391,0,258.65,261.98
392,0,258.88,261.98
393,0,258.88,261.98
394,0,258.88,261.98
395,0,258.23,261.98
396,0,258.23,261.98
397,0,258.89,261.98
398,0,259.24,261.98
399,0,259.14,261.98
400,0,258.89,261.97
401,0,258.89,261.97
402,0,258.23,261.97
403,0,259.27,261.96
404,0,259,261.96
405,0,258.91,261.95
406,0,259,261.94
407,0,259,261.94
408,0,259.14,261.93
409,0,259.01,261.92
410,0,259.24,261.91
411,0,259,261.9
412,0,259.24,261.89
413,0,259.26,261.88
414,0,258,261.87
415,0,257.77,261.86
416,0,259.01,261.85
417,0,257.52,261.84
418,0,258.91,261.82
419,0,259.01,261.81
420,0,259.01,261.8
421,0,257.77,261.78
422,0,257.77,261.77
423,0,257.51,261.75
424,0,258.91,261.74
425,0,259.02,261.72
426,0,257.51,261.7
427,0,259.27,261.69
428,0,259.18,261.67
429,0,257.79,261.65
430,0,259.02,261.63
431,0,257.52,261.61
432,0,259.02,261.6
433,0,259.02,261.58
434,0,257.52,261.56
435,0,257.52,261.54
436,0,257.52,261.52
437,0,258.92,261.5
438,0,259.02,261.47
439,0,259.02,261.45
440,0,259.04,261.43
441,0,259.18,261.41
442,0,259.05,261.39
443,0,258.7,261.36
444,0,258.79,261.34
445,0,258.93,261.32
446,0,258.93,261.29
447,0,258.93,261.27
448,0,258.92,261.24
449,0,257.05,261.22
450,0,258.93,261.2
451,0,259.05,261.17
452,0,257.05,261.14
453,0,257.07,261.12
454,0,258.96,261.09
455,0,257.05,261.07
456,0,258.57,261.04
457,0,256.82,261.01
458,0,257.07,260.99
459,0,258.45,260.96
460,0,258.45,260.93
461,0,256.81,260.9
462,0,258.8,260.87
463,0,256.82,260.85
464,0,256.57,260.82
465,0,256.81,260.79
466,0,256.57,260.76
467,0,259.06,260.73
468,0,259.08,260.7
469,0,258,260.67
470,0,257.75,260.64
471,0,258.57,260.61
472,0,256.34,260.58
473,0,258.82,260.55
474,0,256.34,260.52
475,0,258.32,260.49
476,0,257.74,260.46
477,0,257.74,260.42
478,0,258.57,260.39
479,0,258.57,260.36
480,0,257.74,260.33
481,0,258.32,260.3
482,0,258.1,260.26
483,0,255.6,260.23
484,0,257,260.2
485,0,255.6,260.17
486,0,255.6,260.13
487,0,258.08,260.1
488,0,255.6,260.07
489,0,256.75,260.03
490,0,258.09,260
491,0,255.6,259.96
492,0,256.75,259.93
493,0,255.86,259.9
494,0,256.75,259.86
495,0,257.01,259.83
496,0,257.12,259.79
497,0,257.36,259.76
498,0,255.6,259.72
499,0,257.1,259.69
500,0,256.75,259.65
501,0,255.6,259.62
502,0,256.75,259.58
503,0,255.6,259.55
504,0,256.75,259.51
505,0,256.51,259.47
506,0,255.6,259.44
507,0,255.6,259.4
508,0,256.64,259.37
509,0,256.75,259.33
510,0,256.62,259.29
511,0,255.61,259.26
512,0,256.38,259.22
513,0,256.38,259.18
514,0,255.37,259.15
515,0,255.12,259.11
516,0,256.64,259.07
517,0,256.39,259.03
518,0,256.52,259
519,0,255.12,258.96
520,0,256.88,258.92
521,0,256.38,258.88
522,0,256.16,258.85
523,0,256.52,258.81
524,0,256.52,258.77
525,0,256.52,258.73
526,0,256.62,258.7
527,0,254.63,258.66
528,0,256.52,258.62
529,0,254.63,258.58
530,0,254.64,258.54
531,0,256.52,258.5
532,0,254.64,258.46
533,0,254.89,258.43
534,0,256.55,258.39
535,0,256.53,258.35
536,0,254.15,258.31
537,0,254.15,258.27
538,0,256.29,258.23
539,0,256.39,258.19
540,0,254.38,258.15
541,0,256.04,258.11
542,0,254.15,258.07
543,0,255.79,258.04
544,0,256.04,258
545,0,255.55,257.96
546,0,254.16,257.92
547,0,255.34,257.88
548,0,253.42,257.84
549,0,253.65,257.8
550,0,253.91,257.76
551,0,255.29,257.72
552,0,255.17,257.68
553,0,255.16,257.64
554,0,254.81,257.6
555,0,255.16,257.56
556,0,253.41,257.52
557,0,254.81,257.48
558,0,255.05,257.44
559,0,253.67,257.4
560,0,253.65,257.36
561,0,255.17,257.32
562,0,254.92,257.27
563,0,253.17,257.23
564,0,254.56,257.19
565,0,254.92,257.15
566,0,255.16,257.11
567,0,254.81,257.07
568,0,254.56,257.03
569,0,254.56,256.99
570,0,252.93,256.95
571,0,252.93,256.91
572,0,255.17,256.87
573,0,252.94,256.83
574,0,254.33,256.78
575,0,252.69,256.74
576,0,254.68,256.7
577,0,252.93,256.66
578,0,254.68,256.62
579,0,254.68,256.58
580,0,254.91,256.54
581,0,254.08,256.5
582,0,254.92,256.46
583,0,254.43,256.41
584,0,254.66,256.37
585,0,254.43,256.33
586,0,252.44,256.29
587,0,252.21,256.25
588,0,251.72,256.21
589,0,254.18,256.16
590,0,251.7,256.12
591,0,254.18,256.08
592,0,253.83,256.04
593,0,254.42,256
594,0,251.68,255.96
595,0,251.69,255.91
596,0,253.92,255.87
597,0,253.94,255.83
598,0,253.7,255.79
599,0,251.96,255.75
600,0,251.69,255.71
601,0,251.72,255.66
602,0,251.69,255.62
603,0,253.69,255.58
604,0,253.09,255.54
605,0,253.2,255.5
606,0,253.43,255.45
607,0,251.69,255.41
608,0,252.85,255.37
609,0,252.85,255.33
610,0,251.69,255.29
611,0,253.2,255.24
612,0,253.11,255.2
613,0,253.21,255.16
614,0,252.61,255.12
615,0,252.86,255.08
616,0,252.61,255.03
617,0,251.46,254.99
618,0,252.86,254.95
619,0,251.46,254.91
620,0,252.61,254.86
621,0,253.21,254.82
622,0,252.61,254.78
623,0,252.61,254.74
624,0,251.47,254.69
625,0,252.87,254.65
626,0,251.22,254.61
627,0,252.74,254.57
628,0,252.63,254.53
629,0,252.98,254.48
630,0,252.61,254.44
631,0,252.73,254.4
632,0,251.22,254.36
633,0,251.22,254.31
634,0,252.61,254.27
635,0,252.61,254.23
636,0,251.21,254.19
637,0,252.73,254.14
638,0,252.63,254.1
639,0,252.25,254.06
640,0,252.38,254.02
641,0,252.39,253.97
642,0,252.13,253.93
643,0,250.76,253.89
644,0,252,253.85
645,0,252.13,253.8
646,0,251.9,253.76
647,0,251.51,253.72
648,0,251.39,253.67
649,0,250.76,253.63
650,0,251.39,253.59
651,0,251.77,253.55
652,0,250.51,253.5
653,0,249.8,253.46
654,0,251.28,253.42
655,0,251.19,253.38
656,0,250.02,253.33
657,0,251.17,253.29
658,0,251.26,253.25
659,0,251.17,253.21
660,0,251.28,253.16
661,0,251.19,253.12
662,0,251.19,253.08
663,0,249.78,253.04
664,0,249.78,252.99
665,0,251.69,252.95
666,0,251.07,252.91
667,0,250.81,252.86
668,0,251.04,252.82
669,0,250.94,252.78
670,0,251.19,252.74
671,0,250.94,252.69
672,0,249.29,252.65
673,0,251.29,252.61
674,0,250.69,252.57
675,0,250.69,252.52
676,0,250.45,252.48
677,0,251.55,252.44
678,0,250.95,252.39
679,0,251.07,252.35
680,0,250.57,252.31
681,0,251.06,252.27
682,0,248.55,252.22
683,0,250.8,252.18
684,0,250.2,252.14
685,0,249.95,252.09
686,0,249.95,252.05
687,0,248.06,252.01
688,0,251.06,251.97
689,0,249.7,251.92
690,0,248.31,251.88
691,0,247.82,251.84
692,0,249.24,251.8
693,0,248.98,251.75
694,0,249.24,251.71
695,0,247.83,251.67
696,0,248.98,251.62
697,0,249.83,251.58
698,0,250.08,251.54
699,0,248.98,251.5
700,0,248.99,251.45
701,0,248.99,251.41
702,0,248.99,251.37
703,0,250.08,251.32
704,0,248.99,251.28
705,0,249.25,251.24
706,0,248.54,251.2
707,0,249.34,251.15
708,0,248.99,251.11
709,0,248.76,251.07
710,0,248.85,251.03
711,0,247.83,250.98
712,0,247.83,250.94
713,0,248.76,250.9
714,0,247.83,250.85
715,0,247.85,250.81
716,0,247.6,250.77
717,0,247.59,250.73
718,0,248.87,250.68
719,0,248.6,250.64
720,0,248.61,250.6
721,0,248.76,250.55
722,0,247.35,250.51
723,0,247.35,250.47
724,0,248.74,250.43
725,0,248.6,250.38
726,0,248.86,250.34
727,0,248.85,250.3
728,0,248.85,250.26
729,0,248.76,250.21
730,0,248.61,250.17
731,0,247.61,250.13
732,0,246.89,250.08
733,0,247.11,250.04
734,0,248.87,250
735,0,248.77,249.96
736,0,246.86,249.91
737,0,247.12,249.87
738,0,248.28,249.83
739,0,248.37,249.79
740,0,248.37,249.74
741,0,246.63,249.7
742,0,248.13,249.66
743,0,248.52,249.61
744,0,248.39,249.57
745,0,247.78,249.53
746,0,247.55,249.49
747,0,245.89,249.44
748,0,247.29,249.4
749,0,247.39,249.36
750,0,245.9,249.32
751,0,245.89,249.27
752,0,247.39,249.23
753,0,247.39,249.19
754,0,245.64,249.15
755,0,247.39,249.1
756,0,247.55,249.06
757,0,247.04,249.02
758,0,246.82,248.98
759,0,247.39,248.93
760,0,247.41,248.89
761,0,247.39,248.85
762,0,247.04,248.8
763,0,245.14,248.76
764,0,245.14,248.72
765,0,247.39,248.68
766,0,247.39,248.63
767,0,247.16,248.59
768,0,246.79,248.55
769,0,245.39,248.51
770,0,247.64,248.46
771,0,247.16,248.42
772,0,247.16,248.38
773,0,247.15,248.34
774,0,247.16,248.29
775,0,246.55,248.25
776,0,246.55,248.21
777,0,246.3,248.17
778,0,247.15,248.12
779,0,246.91,248.08
780,0,244.65,248.04
781,0,246.05,248
782,0,247.15,247.95
783,0,246.31,247.91
784,0,244.68,247.87
785,0,246.69,247.83
786,0,246.91,247.78
787,0,245.56,247.74
788,0,244.17,247.7
789,0,245.56,247.66
790,0,245.57,247.61
791,0,245.31,247.57
792,0,245.33,247.53
793,0,245.07,247.49
794,0,245.33,247.44
795,0,246.91,247.4
796,0,244.17,247.36
797,0,244.17,247.32
798,0,245.09,247.27
799,0,243.69,247.23
800,0,246.17,247.19
801,0,243.92,247.15
802,0,245.92,247.1
803,0,243.92,247.06
804,0,243.94,247.02
805,0,245.18,246.98
806,0,245.66,246.93
807,0,244.83,246.89
808,0,245.44,246.85
809,0,245.46,246.81
810,0,245.2,246.77
811,0,243.7,246.72
812,0,244.86,246.68
813,0,243.94,246.64
814,0,245.2,246.6
815,0,243.7,246.55
816,0,244.86,246.51
817,0,245.2,246.47
818,0,244.86,246.43
819,0,244.86,246.38
820,0,245.2,246.34
821,0,243.7,246.3
822,0,243.7,246.26
823,0,244.86,246.22
824,0,244.64,246.17
825,0,244.61,246.13
826,0,244.86,246.09
827,0,244.7,246.05
828,0,244.85,246
829,0,244.94,245.96
830,0,244.83,245.92
831,0,243.43,245.88
832,0,244.82,245.83
833,0,244.82,245.79
834,0,244.91,245.75
835,0,244.92,245.71
836,0,244.68,245.67
837,0,243.43,245.62
838,0,244.42,245.58
839,0,244.82,245.54
840,0,243.4,245.5
841,0,243.42,245.46
842,0,243.16,245.41
843,0,244.18,245.37
844,0,244.17,245.33
845,0,242.68,245.29
846,0,243.16,245.24
847,0,243.91,245.2
848,0,242.91,245.16
849,0,243.83,245.12
850,0,243.82,245.08
851,0,243.44,245.03
852,0,243.33,244.99
853,0,242.66,244.95
854,0,242.42,244.91
855,0,243.34,244.87
856,0,243.34,244.82
857,0,242.17,244.78
858,0,242.17,244.74
859,0,243.34,244.7
860,0,242.18,244.66
861,0,243.69,244.61
862,0,243.44,244.57
863,0,243.7,244.53
864,0,243.34,244.49
865,0,243.1,244.45
866,0,243.34,244.4
867,0,243.34,244.36
868,0,243.34,244.32
869,0,243.34,244.28
870,0,241.45,244.24
871,0,243.44,244.19
872,0,242.84,244.15
873,0,243.19,244.11
874,0,243.44,244.07
875,0,243.1,244.03
876,0,241.45,243.98
877,0,242.61,243.94
878,0,242.6,243.9
879,0,243.19,243.86
880,0,241.19,243.82
881,0,242.95,243.77
882,0,242.35,243.73
883,0,242.35,243.69
884,0,242.35,243.65
885,0,240.96,243.61
886,0,242.71,243.56
887,0,242.1,243.52
888,0,243.45,243.48
889,0,242.36,243.44
890,0,242.48,243.4
891,0,241.62,243.36
892,0,241.62,243.31
893,0,242.71,243.27
894,0,241.62,243.23
895,0,241.36,243.19
896,0,241.38,243.15
897,0,239.97,243.1
898,0,241.12,243.06
899,0,242.21,243.02
900,0,242.21,242.98
901,0,241.38,242.94
902,0,241.99,242.9
903,0,241.14,242.85
904,0,239.74,242.81
905,0,241.49,242.77
906,0,241.71,242.73
907,0,239.97,242.69
908,0,241.22,242.65
909,0,241.12,242.6
910,0,239.97,242.56
911,0,239.97,242.52
912,0,239.96,242.48
913,0,241.48,242.44
914,0,241.48,242.4
915,0,241.24,242.35
916,0,241,242.31
917,0,240.91,242.27
918,0,239.72,242.23
919,0,239.98,242.19
920,0,240.88,242.15
921,0,240.88,242.1
922,0,240.88,242.06
923,0,240.98,242.02
924,0,240.88,241.98
925,0,240.74,241.94
926,0,239.48,241.9
927,0,239.23,241.85
928,0,241,241.81
929,0,240.74,241.77
930,0,240.4,241.73
931,0,240.89,241.69
932,0,240.74,241.65
933,0,238.98,241.6
934,0,240.98,241.56
935,0,240.74,241.52
936,0,239,241.48
937,0,240.74,241.44
938,0,240.98,241.4
939,0,240.75,241.36
940,0,239,241.31
941,0,240.89,241.27
942,0,238.77,241.23
943,0,240.66,241.19
944,0,241,241.15
945,0,240.91,241.11
946,0,240.89,241.06
947,0,240.66,241.02
948,0,238.76,240.98
949,0,240.5,240.94
950,0,240.41,240.9
951,0,238.27,240.86
952,0,238.5,240.82
953,0,240.26,240.78
954,0,238.53,240.73
955,0,239.76,240.69
956,0,239.54,240.65
957,0,238.27,240.61
958,0,238.02,240.57
959,0,238.02,240.53
960,0,239.52,240.49
961,0,239.28,240.44
962,0,237.54,240.4
963,0,239.53,240.36
964,0,237.79,240.32
965,0,237.54,240.28
966,0,237.79,240.24
967,0,237.79,240.2
968,0,239.2,240.15
969,0,237.79,240.11
970,0,238.7,240.07
971,0,239.53,240.03
972,0,237.29,239.99
973,0,239.53,239.95
974,0,239.29,239.91
975,0,237.29,239.87
976,0,238.94,239.82
977,0,237.29,239.78
978,0,239.29,239.74
979,0,238.94,239.7
980,0,239.19,239.66
981,0,237.29,239.62
982,0,238.96,239.58
983,0,239.05,239.54
984,0,238.7,239.49
985,0,238.94,239.45
986,0,237.29,239.41
987,0,238.45,239.37
988,0,238.7,239.33
989,0,239.05,239.29
990,0,237.04,239.25
991,0,236.55,239.21
992,0,239.29,239.17
993,0,239.29,239.12
994,0,239.54,239.08
995,0,237.96,239.04
996,0,238.22,239
997,0,236.3,238.96
998,0,238.79,238.92
999,0,238.2,238.88
1000,0,236.3,238.84
1001,0,236.06,238.8
1002,0,238.8,238.75
1003,0,236.06,238.71
1004,0,236.06,238.67
1005,0,237.71,238.63
1006,0,237.96,238.59
1007,0,238.2,238.55
1008,0,237.72,238.51
1009,0,237.49,238.47
1010,0,237.47,238.43
1011,0,237.21,238.39
1012,0,237.21,238.34
1013,0,236.07,238.3
1014,0,237.81,238.26
1015,0,237.21,238.22
1016,0,236.06,238.18
1017,0,237.21,238.14
1018,0,236.97,238.1
1019,0,236.32,238.06
1020,0,237.58,238.02
1021,0,237.59,237.98
1022,0,235.84,237.93
1023,0,236.99,237.89
1024,0,237.56,237.85
1025,0,235.82,237.81
1026,0,236.06,237.77
1027,0,237.33,237.73
1028,0,237.58,237.69
1029,0,237.58,237.65
1030,0,235.82,237.61
1031,0,235.82,237.57
1032,0,236.98,237.53
1033,0,235.82,237.49
1034,0,236.98,237.44
1035,0,236.76,237.4
1036,0,236.97,237.36
1037,0,237.08,237.32
1038,0,237.07,237.28
1039,0,236.97,237.24
1040,0,235.56,237.2
1041,0,236.97,237.16
1042,0,236.97,237.12
1043,0,237.08,237.08
1044,0,237.08,237.04
1045,0,237.33,237
1046,0,236.97,236.95
1047,0,236.99,236.91
1048,0,237.33,236.87
1049,0,235.34,236.83
1050,0,236.98,236.79
1051,0,236.72,236.75
1052,0,235.57,236.71
1053,0,237.08,236.67
1054,0,236.59,236.63
1055,0,235.57,236.59
1056,0,236.49,236.55
1057,0,235.33,236.51
1058,0,235.08,236.47
1059,0,236.1,236.43
1060,0,236.5,236.38
1061,0,234.86,236.34
1062,0,234.35,236.3
1063,0,235.99,236.26
1064,0,235.76,236.22
1065,0,235.74,236.18
1066,0,235.09,236.14
1067,0,235.51,236.1
1068,0,235.61,236.06
1069,0,235.61,236.02
1070,0,235.61,235.98
1071,0,235.77,235.94
1072,0,235.61,235.9
1073,0,236.02,235.86
1074,0,235.52,235.82
1075,0,233.88,235.78
1076,0,235.52,235.74
1077,0,234.1,235.69
1078,0,234.12,235.65
1079,0,235.61,235.61
1080,0,235.52,235.57
1081,0,235.61,235.53
1082,0,234.1,235.49
1083,0,235.61,235.45
1084,0,233.86,235.41
1085,0,235.52,235.37
1086,0,235.52,235.33
1087,0,235.55,235.29
1088,0,235.37,235.25
1089,0,235.38,235.21
1090,0,233.62,235.17
1091,0,235.61,235.13
1092,0,235.61,235.09
1093,0,235.03,235.05
1094,0,235.61,235.01
1095,0,233.13,234.97
1096,0,232.88,234.93
1097,0,235.38,234.89
1098,0,233.13,234.84
1099,0,235.87,234.8
1100,0,235.37,234.76
1101,0,232.66,234.72
1102,0,232.63,234.68
1103,0,234.9,234.64
1104,0,235.38,234.6
1105,0,234.9,234.56
1106,0,234.29,234.52
1107,0,232.4,234.48
1108,0,234.9,234.44
1109,0,234.9,234.4
1110,0,234.89,234.36
1111,0,234.65,234.32
1112,0,235.41,234.28
1113,0,233.82,234.24
1114,0,234.65,234.2
1115,0,233.34,234.16
1116,0,232.15,234.12
1117,0,233.56,234.08
1118,0,233.31,234.04
1119,0,232.15,234
1120,0,233.9,233.96
1121,0,232.15,233.92
1122,0,234.16,233.88
1123,0,233.91,233.84
1124,0,233.66,233.8
1125,0,233.92,233.76
1126,0,232.43,233.72
1127,0,233.32,233.68
1128,0,233.09,233.64
1129,0,232.17,233.6
1130,0,232.17,233.56
1131,0,232.17,233.52
1132,0,233.17,233.48
1133,0,233.06,233.44
1134,0,232.17,233.4
1135,0,232.93,233.36
1136,0,232.93,233.31
1137,0,233.06,233.27
1138,0,233.32,233.23
1139,0,232.93,233.19
1140,0,231.93,233.15
1141,0,232.84,233.11
1142,0,231.93,233.07
1143,0,232.93,233.03
1144,0,233.18,232.99
1145,0,231.66,232.95
1146,0,233.17,232.91
1147,0,233.17,232.87
1148,0,232.93,232.83
1149,0,233.08,232.79
1150,0,232.95,232.75
1151,0,233.08,232.71
1152,0,233.08,232.67
1153,0,233.21,232.63
1154,0,230.96,232.59
1155,0,232.95,232.55
1156,0,232.95,232.51
1157,0,233.18,232.47
1158,0,231.19,232.43
1159,0,230.93,232.39
1160,0,232.93,232.35
1161,0,230.93,232.31
1162,0,232.69,232.27
1163,0,233.06,232.23
1164,0,231.19,232.19
1165,0,232.69,232.15
1166,0,232.84,232.11
1167,0,233.08,232.07
1168,0,232.6,232.03
1169,0,230.7,231.99
1170,0,232.19,231.95
1171,0,231.7,231.91
1172,0,231.95,231.87
1173,0,230.44,231.83
1174,0,231.2,231.79
1175,0,232.09,231.76
1176,0,231.45,231.72
1177,0,231.84,231.68
1178,0,231.96,231.64
1179,0,230.2,231.6
1180,0,231.62,231.56
1181,0,230.46,231.52
1182,0,231.59,231.48
1183,0,230.2,231.44
1184,0,231.61,231.4
1185,0,231.22,231.36
1186,0,231.61,231.32
1187,0,231.59,231.28
1188,0,231.61,231.24
1189,0,230.21,231.2
1190,0,230.21,231.16
1191,0,231.61,231.12
1192,0,231.61,231.08
1193,0,231.22,231.04
1194,0,230.98,231
1195,0,231.22,230.96
1196,0,231.61,230.92
1197,0,231.22,230.88
1198,0,231.59,230.84
1199,0,229.97,230.8
1200,0,231.22,230.76
1201,0,230.97,230.72
1202,0,229.95,230.68
1203,0,229.71,230.64
1204,0,231.61,230.6
1205,0,231.37,230.56
1206,0,230.98,230.52
1207,0,230.97,230.48
1208,0,230.97,230.44
1209,0,230.97,230.4
1210,0,231.1,230.36
1211,0,229.46,230.32
1212,0,231.22,230.28
1213,0,230.97,230.25
1214,0,230.97,230.21
1215,0,231.11,230.17
1216,0,230.98,230.13
1217,0,231.13,230.09
1218,0,231.46,230.05
1219,0,231.13,230.01
1220,0,230.89,229.97
1221,0,228.98,229.93
1222,0,230.88,229.89
1223,0,228.48,229.85
1224,0,230.63,229.81
1225,0,228.73,229.77
1226,0,228.25,229.73
1227,0,228.24,229.69
1228,0,230.49,229.65
1229,0,230.15,229.61
1230,0,228.74,229.57
1231,0,230.4,229.53
1232,0,230.16,229.49
1233,0,228.25,229.45
1234,0,229.76,229.42
1235,0,229.75,229.38
1236,0,228.25,229.34
1237,0,229.66,229.3
1238,0,229.66,229.26
1239,0,228.25,229.22
1240,0,228.25,229.18
1241,0,228.25,229.14
1242,0,229.02,229.1
1243,0,229.5,229.06
1244,0,228.51,229.02
1245,0,228.26,228.98
1246,0,229.43,228.94
1247,0,229.67,228.9
1248,0,228.25,228.86
1249,0,228.25,228.82
1250,0,229.66,228.78
1251,0,228,228.75
1252,0,229.02,228.71
1253,0,228,228.67
1254,0,228,228.63
1255,0,229.66,228.59
1256,0,229.02,228.55
1257,0,229.9,228.51
1258,0,229.66,228.47
1259,0,229.04,228.43
1260,0,229.04,228.39
1261,0,229.29,228.35
1262,0,229.28,228.31
1263,0,229.66,228.27
1264,0,227.77,228.23
1265,0,229.03,228.19
1266,0,229.16,228.16
1267,0,229.03,228.12
1268,0,229.41,228.08
1269,0,229.03,228.04
1270,0,229.28,228
1271,0,229.68,227.96
1272,0,229.19,227.92
1273,0,227.53,227.88
1274,0,227.78,227.84
1275,0,229.16,227.8
1276,0,227.77,227.76
1277,0,229.17,227.72
1278,0,229.28,227.69
1279,0,229.04,227.65
1280,0,228.93,227.61
1281,0,228.8,227.57
1282,0,228.93,227.53
1283,0,228.55,227.49
1284,0,228.93,227.45
1285,0,227.55,227.41
1286,0,228.55,227.37
1287,0,227.29,227.33
1288,0,228.68,227.29
1289,0,227.52,227.25
1290,0,227.04,227.22
1291,0,228.05,227.18
1292,0,227.94,227.14
1293,0,228.2,227.1
1294,0,226.8,227.06
1295,0,227.04,227.02
1296,0,227.95,226.98
1297,0,228.2,226.94
1298,0,227.81,226.9
1299,0,226.32,226.86
1300,0,227.82,226.83
1301,0,226.54,226.79
1302,0,226.3,226.75
1303,0,227.7,226.71
1304,0,227.81,226.67
1305,0,227.81,226.63
1306,0,227.81,226.59
1307,0,227.81,226.55
1308,0,227.7,226.51
1309,0,227.95,226.47
1310,0,227.69,226.44
1311,0,227.96,226.4
1312,0,227.7,226.36
1313,0,227.59,226.32
1314,0,226.3,226.28
1315,0,226.06,226.24
1316,0,226.05,226.2
1317,0,227.56,226.16
1318,0,227.81,226.12
1319,0,227.7,226.09
1320,0,227.56,226.05
1321,0,227.56,226.01
1322,0,227.57,225.97
1323,0,227.48,225.93
1324,0,227.47,225.89
1325,0,225.33,225.85
1326,0,227.56,225.81
1327,0,225.32,225.77
1328,0,227.57,225.74
1329,0,227.57,225.7
1330,0,226.73,225.66
1331,0,224.81,225.62
1332,0,224.58,225.58
1333,0,226.73,225.54
1334,0,227.32,225.5
1335,0,227.32,225.46
1336,0,225.07,225.43
1337,0,226.73,225.39
1338,0,224.33,225.35
1339,0,225.75,225.31
1340,0,227.32,225.27
1341,0,225.98,225.23
1342,0,225.74,225.19
1343,0,224.33,225.15
1344,0,225.5,225.12
1345,0,226.83,225.08
1346,0,225.49,225.04
1347,0,226.57,225
1348,0,224.58,224.96
1349,0,224.58,224.92
1350,0,226.84,224.88
1351,0,226.1,224.84
1352,0,225.49,224.81
1353,0,225.59,224.77
1354,0,225.49,224.73
1355,0,224.33,224.69
1356,0,225.83,224.65
1357,0,224.32,224.61
1358,0,224.32,224.57
1359,0,225.48,224.54
1360,0,225.58,224.5
1361,0,225.49,224.46
1362,0,225.58,224.42
1363,0,225.59,224.38
1364,0,225.76,224.34
1365,0,223.85,224.3
1366,0,225.1,224.26
1367,0,224.33,224.23
1368,0,225.49,224.19
1369,0,225.24,224.15
1370,0,225.26,224.11
1371,0,225.33,224.07
1372,0,225.33,224.03
1373,0,224.08,224
1374,0,225.33,223.96
1375,0,225.33,223.92
1376,0,225.35,223.88
1377,0,224.08,223.84
1378,0,225.27,223.8
1379,0,225.02,223.76
1380,0,225.26,223.73
1381,0,223.84,223.69
1382,0,225.36,223.65
1383,0,225.33,223.61
1384,0,223.6,223.57
1385,0,223.59,223.53
1386,0,225.35,223.49
1387,0,225.26,223.46
1388,0,223.34,223.42
1389,0,225.52,223.38
1390,0,223.35,223.34
1391,0,225.37,223.3
1392,0,225.01,223.26
1393,0,225.26,223.23
1394,0,225.26,223.19
1395,0,225.24,223.15
1396,0,225.24,223.11
1397,0,223.09,223.07
1398,0,223.09,223.03
1399,0,223.09,223
1400,0,225.09,222.96
1401,0,225.24,222.92
1402,0,223.34,222.88
1403,0,225.01,222.84
1404,0,224.86,222.8
1405,0,223.09,222.77
1406,0,224.51,222.73
1407,0,224.1,222.69
1408,0,222.6,222.65
1409,0,224.5,222.61
1410,0,223.09,222.57
1411,0,223.08,222.54
1412,0,224.25,222.5
1413,0,222.35,222.46
1414,0,224.51,222.42
1415,0,223.76,222.38
1416,0,224.02,222.34
1417,0,223.86,222.31
1418,0,223.64,222.27
1419,0,223.86,222.23
1420,0,223.88,222.19
1421,0,222.11,222.15
1422,0,222.11,222.12
1423,0,223.51,222.08
1424,0,223.86,222.04
1425,0,222.11,222
1426,0,223.62,221.96
1427,0,221.86,221.92
1428,0,223.52,221.89
1429,0,223.85,221.85
1430,0,223.52,221.81
1431,0,223.85,221.77
1432,0,221.64,221.73
1433,0,221.86,221.7
1434,0,223.26,221.66
1435,0,223.26,221.62
1436,0,223.62,221.58
1437,0,221.86,221.54
1438,0,223.26,221.5
1439,0,223.28,221.47
1440,0,223.26,221.43
1441,0,223.28,221.39
1442,0,221.87,221.35
1443,0,223.28,221.31
1444,0,223.04,221.28
1445,0,223.26,221.24
1446,0,223.63,221.2
1447,0,223.28,221.16
1448,0,221.36,221.12
1449,0,223.63,221.09
1450,0,223.02,221.05
1451,0,223.03,221.01
1452,0,223.03,220.97
1453,0,220.87,220.93
1454,0,223.02,220.9
1455,0,221.12,220.86
1456,0,223.03,220.82
1457,0,223.39,220.78
1458,0,222.78,220.74
1459,0,222.54,220.71
1460,0,222.78,220.67
1461,0,223.62,220.63
1462,0,220.39,220.59
1463,0,223.63,220.55
1464,0,223.15,220.52
1465,0,220.39,220.48
1466,0,223.15,220.44
1467,0,222.89,220.4
1468,0,222.04,220.36
1469,0,223.39,220.33
1470,0,222.3,220.29
1471,0,222.03,220.25
1472,0,221.81,220.21
1473,0,220.39,220.18
1474,0,222.64,220.14
1475,0,221.55,220.1
1476,0,222.63,220.06
1477,0,221.78,220.02
1478,0,222.13,219.99
1479,0,222.63,219.95
1480,0,220.39,219.91
1481,0,221.79,219.87
1482,0,220.88,219.83
1483,0,221.31,219.8
1484,0,221.9,219.76
1485,0,221.3,219.72
1486,0,220.36,219.68
1487,0,222.12,219.65
1488,0,221.53,219.61
1489,0,221.64,219.57
1490,0,221.27,219.53
1491,0,221.52,219.49
1492,0,221.64,219.46
1493,0,221.87,219.42
1494,0,221.87,219.38
1495,0,221.53,219.34
1496,0,221.62,219.31
1497,0,221.06,219.27
1498,0,221.31,219.23
1499,0,221.53,219.19
1500,0,220.13,219.16
1501,0,221.88,219.12
1502,0,221.3,219.08
1503,0,220.11,219.04
1504,0,221.62,219
1505,0,220.11,218.97
1506,0,221.39,218.93
1507,0,221.64,218.89
1508,0,221.64,218.85
1509,0,220.14,218.82
1510,0,221.05,218.78
1511,0,219.63,218.74
1512,0,219.88,218.7
1513,0,221.62,218.67
1514,0,219.88,218.63
1515,0,221.62,218.59
1516,0,219.87,218.55
1517,0,219.87,218.52
1518,0,219.87,218.48
1519,0,221.26,218.44
1520,0,219.87,218.4
1521,0,221.27,218.36
1522,0,220.88,218.33
1523,0,219.63,218.29
1524,0,221.27,218.25
1525,0,219.88,218.21
1526,0,219.62,218.18
1527,0,219.62,218.14
1528,0,220.76,218.1
1529,0,220.76,218.06
1530,0,220.62,218.03
1531,0,219.61,217.99
1532,0,220.14,217.95
1533,0,220.62,217.91
1534,0,220.37,217.88
1535,0,219.37,217.84
1536,0,220.37,217.8
1537,0,220.15,217.76
1538,0,220.27,217.73
1539,0,220.02,217.69
1540,0,219.76,217.65
1541,0,219.76,217.61
1542,0,219.88,217.58
1543,0,219.88,217.54
1544,0,219.88,217.5
1545,0,219.89,217.47
1546,0,219.78,217.43
1547,0,218.88,217.39
1548,0,219.89,217.35
1549,0,220.05,217.32
1550,0,218.41,217.28
1551,0,219.9,217.24
1552,0,219.89,217.2
1553,0,219.81,217.17
1554,0,219.66,217.13
1555,0,218.39,217.09
1556,0,219.8,217.05
1557,0,219.66,217.02
1558,0,219.9,216.98
1559,0,219.81,216.94
1560,0,219.66,216.9
1561,0,219.81,216.87
1562,0,219.66,216.83
1563,0,217.91,216.79
1564,0,219.8,216.76
1565,0,219.55,216.72
1566,0,219.89,216.68
1567,0,219.57,216.64
1568,0,218.16,216.61
1569,0,218.15,216.57
1570,0,218.15,216.53
1571,0,217.91,216.49
1572,0,219.57,216.46
1573,0,217.91,216.42
1574,0,219.57,216.38
1575,0,219.81,216.35
1576,0,219.07,216.31
1577,0,217.16,216.27
1578,0,219.66,216.23
1579,0,219.64,216.2
1580,0,219.05,216.16
1581,0,216.39,216.12
1582,0,219.4,216.09
1583,0,216.38,216.05
1584,0,219.38,216.01
1585,0,219.4,215.97
1586,0,216.65,215.94
1587,0,218.55,215.9
1588,0,219.06,215.86
1589,0,219.41,215.83
1590,0,219.4,215.79
1591,0,216.42,215.75
1592,0,217.82,215.71
1593,0,219.15,215.68
1594,0,217.57,215.64
1595,0,216.42,215.6
1596,0,217.59,215.57
1597,0,218.92,215.53
1598,0,217.59,215.49
1599,0,218.93,215.45
1600,0,218.33,215.42
1601,0,218.43,215.38
1602,0,217.95,215.34
1603,0,216.19,215.31
1604,0,218.17,215.27
1605,0,216.42,215.23
1606,0,217.59,215.2
1607,0,217.59,215.16
1608,0,217.59,215.12
1609,0,217.69,215.08
1610,0,217.7,215.05
1611,0,216.43,215.01
1612,0,217.59,214.97
1613,0,217.69,214.94
1614,0,217.94,214.9
1615,0,217.18,214.86
1616,0,215.96,214.83
1617,0,217.59,214.79
1618,0,217.44,214.75
1619,0,216.42,214.71
1620,0,216.42,214.68
1621,0,217.43,214.64
1622,0,217.2,214.6
1623,0,217.2,214.57
1624,0,217.2,214.53
1625,0,217.2,214.49
1626,0,217.69,214.46
1627,0,216.68,214.42
1628,0,217.6,214.38
1629,0,216.18,214.35
1630,0,217.34,214.31
1631,0,216.18,214.27
1632,0,216.18,214.24
1633,0,216.18,214.2
1634,0,215.93,214.16
1635,0,217.44,214.12
1636,0,217.21,214.09
1637,0,217.2,214.05
1638,0,217.34,214.01
1639,0,217.34,213.98
1640,0,217.44,213.94
1641,0,217.2,213.9
1642,0,217.11,213.87
1643,0,217.35,213.83
1644,0,217.46,213.79
1645,0,217.34,213.76
1646,0,215.45,213.72
1647,0,217.34,213.68
1648,0,217.46,213.65
1649,0,217.35,213.61
1650,0,217.21,213.57
1651,0,217.09,213.54
1652,0,217.46,213.5
1653,0,217.09,213.46
1654,0,217.46,213.43
1655,0,217.21,213.39
1656,0,216.96,213.35
1657,0,216.96,213.32
1658,0,217.21,213.28
1659,0,216.22,213.24
1660,0,215.19,213.21
1661,0,216.6,213.17
1662,0,214.94,213.13
1663,0,216.45,213.1
1664,0,214.7,213.06
1665,0,214.94,213.02
1666,0,216.36,212.99
1667,0,215.86,212.95
1668,0,216.13,212.91
1669,0,214.47,212.88
1670,0,215.86,212.84
1671,0,214.46,212.8
1672,0,216.1,212.77
1673,0,214.46,212.73
1674,0,214.46,212.69
1675,0,214.46,212.66
1676,0,215.48,212.62
1677,0,215.87,212.58
1678,0,215.49,212.55
1679,0,214.46,212.51
1680,0,216.36,212.47
1681,0,215.88,212.44
1682,0,214.25,212.4
1683,0,215.87,212.36
1684,0,215.49,212.33
1685,0,214.49,212.29
1686,0,214.49,212.25
1687,0,214.49,212.22
1688,0,215.24,212.18
1689,0,214.47,212.15
1690,0,215.88,212.11
1691,0,215.24,212.07
1692,0,214.49,212.04
1693,0,214.75,212
1694,0,215.89,211.96
1695,0,215.27,211.93
1696,0,215.5,211.89
1697,0,215.49,211.85
1698,0,215.89,211.82
1699,0,215.91,211.78
1700,0,213.75,211.74
1701,0,215.89,211.71
1702,0,213.75,211.67
1703,0,213.76,211.63
1704,0,213.76,211.6
1705,0,215.66,211.56
1706,0,213.76,211.53
1707,0,213.78,211.49
1708,0,215.43,211.45
1709,0,215.66,211.42
1710,0,213.26,211.38
1711,0,215.4,211.34
1712,0,215.66,211.31
1713,0,215.4,211.27
1714,0,213.26,211.23
1715,0,213.26,211.2
1716,0,213.26,211.16
1717,0,215.41,211.13
1718,0,215.41,211.09
1719,0,213.51,211.05
1720,0,213.52,211.02
1721,0,213.03,210.98
1722,0,214.53,210.94
1723,0,215.28,210.91
1724,0,214.77,210.87
1725,0,214.92,210.84
1726,0,214.28,210.8
1727,0,214.77,210.76
1728,0,214.92,210.73
1729,0,213.02,210.69
1730,0,214.53,210.65
1731,0,212.77,210.62
1732,0,213.8,210.58
1733,0,212.78,210.55
1734,0,212.53,210.51
1735,0,213.34,210.47
1736,0,214.18,210.44
1737,0,213.93,210.4
1738,0,213.93,210.36
1739,0,213.78,210.33
1740,0,213.3,210.29
1741,0,213.55,210.26
1742,0,213.55,210.22
1743,0,213.94,210.18
1744,0,212.53,210.15
1745,0,213.8,210.11
1746,0,214.19,210.08
1747,0,212.55,210.04
1748,0,213.32,210
1749,0,213.94,209.97
1750,0,213.3,209.93
1751,0,213.93,209.89
1752,0,213.56,209.86
1753,0,212.53,209.82
1754,0,212.53,209.79
1755,0,213.56,209.75
1756,0,213.94,209.71
1757,0,213.94,209.68
1758,0,212.53,209.64
1759,0,213.81,209.61
1760,0,213.32,209.57
1761,0,213.98,209.53
1762,0,213.33,209.5
1763,0,213.32,209.46
1764,0,213.94,209.43
1765,0,213.95,209.39
1766,0,212.31,209.35
1767,0,213.56,209.32
1768,0,212.3,209.28
1769,0,213.56,209.25
1770,0,213.72,209.21
1771,0,212.07,209.17
1772,0,213.56,209.14
1773,0,213.72,209.1
1774,0,212.05,209.07
1775,0,211.82,209.03
1776,0,213.33,208.99
1777,0,212.07,208.96
1778,0,212.05,208.92
1779,0,213.32,208.89
1780,0,213.32,208.85
1781,0,213.07,208.81
1782,0,212.05,208.78
1783,0,212.04,208.74
1784,0,213.32,208.71
1785,0,212.05,208.67
1786,0,213.21,208.63
1787,0,213.19,208.6
1788,0,211.79,208.56
1789,0,212.94,208.53
1790,0,212.94,208.49
1791,0,212.69,208.46
1792,0,212.53,208.42
1793,0,212.53,208.38
1794,0,212.44,208.35
1795,0,211.53,208.31
1796,0,212.43,208.28
1797,0,212.18,208.24
1798,0,212.27,208.2
1799,0,212.44,208.17
1800,0,212.04,208.13
1801,0,211.96,208.1
1802,0,211.95,208.06
1803,0,212.04,208.03
1804,0,212.04,207.99
1805,0,212.05,207.95
1806,0,212.04,207.92
1807,0,211.95,207.88
1808,0,212.04,207.85
1809,0,212.04,207.81
1810,0,211.94,207.78
1811,0,212.2,207.74
1812,0,212.2,207.7
1813,0,212.03,207.67
1814,0,210.31,207.63
1815,0,211.94,207.6
1816,0,211.94,207.56
1817,0,211.95,207.53
1818,0,211.95,207.49
1819,0,210.54,207.45
1820,0,211.95,207.42
1821,0,211.95,207.38
1822,0,211.95,207.35
1823,0,212.05,207.31
1824,0,212.2,207.28
1825,0,210.55,207.24
1826,0,212.47,207.2
1827,0,211.71,207.17
1828,0,211.96,207.13
1829,0,212.07,207.1
1830,0,211.95,207.06
1831,0,209.8,207.03
1832,0,210.31,206.99
1833,0,211.95,206.96
1834,0,211.82,206.92
1835,0,209.83,206.88
1836,0,212.07,206.85
1837,0,209.83,206.81
1838,0,209.83,206.78
1839,0,212.09,206.74
1840,0,209.11,206.71
1841,0,211,206.67
1842,0,212.08,206.64
1843,0,211.23,206.6
1844,0,209.34,206.56
1845,0,212.08,206.53
1846,0,208.84,206.49
1847,0,208.84,206.46
1848,0,212.08,206.42
1849,0,211.58,206.39
1850,0,210.24,206.35
1851,0,208.59,206.32
1852,0,209.08,206.28
1853,0,208.58,206.24
1854,0,209.76,206.21
1855,0,208.58,206.17
1856,0,211.08,206.14
1857,0,211.08,206.1
1858,0,211.08,206.07
1859,0,209.75,206.03
1860,0,208.58,206
1861,0,210.84,205.96
1862,0,208.59,205.93
1863,0,209.73,205.89
1864,0,208.84,205.85
1865,0,208.84,205.82
1866,0,209.76,205.78
1867,0,208.35,205.75
1868,0,208.34,205.71
1869,0,208.58,205.68
1870,0,209.75,205.64
1871,0,210.09,205.61
1872,0,209.72,205.57
1873,0,209.73,205.54
1874,0,209.6,205.5
1875,0,209.85,205.47
1876,0,209.84,205.43
1877,0,209.85,205.39
1878,0,208.84,205.36
1879,0,209.5,205.32
1880,0,209.5,205.29
1881,0,209.49,205.25
1882,0,209.59,205.22
1883,0,208.56,205.18
1884,0,209.47,205.15
1885,0,209.47,205.11
1886,0,208.31,205.08
1887,0,209.32,205.04
1888,0,209.56,205.01
1889,0,209.33,204.97
1890,0,209.47,204.94
1891,0,209.47,204.9
1892,0,209.84,204.87
1893,0,209.33,204.83
1894,0,208.09,204.8
1895,0,209.59,204.76
1896,0,209.34,204.72
1897,0,208.07,204.69
1898,0,209.58,204.65
1899,0,208.07,204.62
1900,0,207.82,204.58
1901,0,208.08,204.55
1902,0,209.49,204.51
1903,0,209.47,204.48
1904,0,207.83,204.44
1905,0,209.5,204.41
1906,0,209.34,204.37
1907,0,209.24,204.34
1908,0,209.49,204.3
1909,0,209.49,204.27
1910,0,209.36,204.23
1911,0,209.6,204.2
1912,0,207.6,204.16
1913,0,209.37,204.13
1914,0,209.5,204.09
1915,0,207.6,204.06
1916,0,209.51,204.02
1917,0,209.6,203.99
1918,0,209.76,203.95
1919,0,207.36,203.92
1920,0,207.14,203.88
1921,0,209.51,203.85
1922,0,207.12,203.81
1923,0,207.36,203.78
1924,0,209.5,203.74
1925,0,209.12,203.71
1926,0,208.87,203.67
1927,0,209.51,203.64
1928,0,209.12,203.6
1929,0,209.28,203.57
1930,0,209.13,203.53
1931,0,208.29,203.5
1932,0,208.64,203.46
1933,0,208.3,203.43
1934,0,207.79,203.39
1935,0,206.65,203.36
1936,0,208.05,203.32
1937,0,208.39,203.29
1938,0,206.4,203.25
1939,0,209.15,203.22
1940,0,207.9,203.18
1941,0,209.34,203.15
