0,0,0,0.7
1,0.8,0.0075298,0.21
2,1.6,0.030378,0.46
3,2.4,0.068908,0.47
4,3.2,0.12345,0.22
5,4,0.19429,-0.03
6,4.8,0.28169,-0.03
7,5.6,0.38589,-0.03
8,6.4,0.50709,-0.27
9,7.2,0.64545,0.21
10,8,0.80112,-0.26
11,8.8,0.97421,-0.05
12,9.6,1.1648,-0.01
13,10.4,1.373,-0.03
14,11.2,1.5987,0.25
15,12,1.8421,0.01
16,12.8,2.1031,0.23
17,13.6,2.3817,0.23
18,14.4,2.6778,0.49
19,15.2,2.9914,0.25
20,16,3.3223,0.49
21,16.8,3.6705,0.74
22,17.6,4.0358,0.99
23,18.4,4.4181,0.74
24,19.2,4.8172,0.51
25,20,5.233,0.74
26,20.8,5.6652,1.25
27,21.6,6.1137,1.26
28,22.4,6.5782,2.02
29,23.2,7.0586,2.04
30,24,7.5545,1.77
31,24.8,8.0658,1.52
32,25.6,8.5921,2.24
33,26.4,9.1333,2.5
34,27.2,9.689,2.5
35,28,10.259,2.73
36,28.8,10.843,2.79
37,29.6,11.441,3.24
38,30.4,12.052,3.24
39,31.2,12.676,4.73
40,32,13.313,4.22
41,32.8,13.962,4.71
42,33.6,14.624,5
43,34.4,15.297,5.48
44,35.2,15.982,5.47
45,36,16.678,5.47
46,36.8,17.385,6.22
47,37.6,18.102,6.47
48,38.4,18.83,7.7
49,39.2,19.567,7.23
50,40,20.315,8.45
51,40.8,21.071,8.2
52,41.6,21.836,8.95
53,42.4,22.61,9.69
54,43.2,23.393,10.41
55,44,24.183,11.17
56,44.8,24.981,11.17
57,45.6,25.786,11.68
58,46.4,26.598,12.41
59,47.2,27.418,13.41
60,48,28.243,13.17
61,48.8,29.075,14.39
62,49.6,29.913,14.89
63,50.4,30.756,15.63
64,51.2,31.604,16.63
65,52,32.458,17.1
66,52.8,33.316,17.61
67,53.6,34.179,18.84
68,54.4,35.046,19.14
69,55.2,35.917,19.85
70,56,36.792,21.11
71,56.8,37.67,21.4
72,57.6,38.551,21.89
73,58.4,39.436,23.1
74,59.2,40.323,24.09
75,60,41.213,24.85
76,60.8,42.105,25.63
77,61.6,42.999,26.57
78,62.4,43.895,27.09
79,63.2,44.793,28.04
80,64,45.692,29.05
81,64.8,46.593,29.77
82,65.6,47.495,30.8
83,66.4,48.397,31.54
84,67.2,49.301,32.51
85,68,50.205,33.5
86,68.8,51.11,34.97
87,69.6,52.015,35.52
88,70.4,52.92,36.47
89,71.2,53.825,37.71
90,72,54.73,38.46
91,72.8,55.635,39.68
92,73.6,56.539,40.92
93,74.4,57.443,41.66
94,75.2,58.347,42.41
95,76,59.249,43.9
96,76.8,60.151,44.9
97,77.6,61.052,45.63
98,78.4,61.952,46.86
99,79.2,62.851,48.12
100,80,63.749,49.34
101,80.8,64.646,50.59
102,81.6,65.541,51.31
103,82.4,66.435,52.8
104,83.2,67.327,53.29
105,84,68.218,54.53
106,84.8,69.107,56
107,85.6,69.995,57.23
108,86.4,70.881,58.71
109,87.2,71.765,59.21
110,88,72.648,60.69
111,88.8,73.528,61.68
112,89.6,74.407,62.94
113,90.4,75.285,64.16
114,91.2,76.16,65.38
115,92,77.033,66.6
116,92.8,77.905,67.59
117,93.6,78.774,69.06
118,94.4,79.642,70.8
119,95.2,80.508,71.29
120,96,81.371,72.73
121,96.8,82.233,74.46
122,97.6,83.093,75.2
123,98.4,83.951,76.67
124,99.2,84.807,78.41
125,100,85.661,79.13
126,100.8,86.513,80.36
127,101.6,87.363,81.59
128,102.4,88.211,82.82
129,103.2,89.057,83.81
130,104,89.902,85.29
131,104.8,90.745,87.51
132,105.6,91.585,88.01
133,106.4,92.424,89.7
134,107.2,93.261,90.71
135,108,94.097,91.91
136,108.8,94.93,93.16
137,109.6,95.762,94.36
138,110.4,96.593,95.62
139,111.2,97.421,96.54
140,112,98.248,98.03
141,112.8,99.073,99.31
142,113.6,99.897,100.76
143,114.4,100.72,101.75
144,115.2,101.54,103.22
145,116,102.36,104.42
146,116.8,103.18,105.68
147,117.6,103.99,106.86
148,118.4,104.81,108.07
149,119.2,105.62,109.53
150,120,106.43,110.5
151,120.8,107.25,112.2
152,121.6,108.06,112.71
153,122.4,108.86,113.92
154,123.2,109.67,114.89
155,124,110.48,116.12
156,124.8,111.28,117.07
157,125.6,112.09,118.56
158,126.4,112.89,119.76
159,127.2,113.69,120.02
160,128,114.49,121.23
161,128.8,115.29,122.7
162,129.6,116.09,123.43
163,130.4,116.89,124.42
164,131.2,117.69,125.59
165,132,118.49,126.57
166,132.8,119.28,127.54
167,133.6,120.08,128.26
168,134.4,120.87,129
169,135.2,121.67,129.97
170,136,122.46,131.41
171,136.8,123.26,132.11
172,137.6,124.05,133.09
173,138.4,124.84,134.05
174,139.2,125.63,134.78
175,140,126.42,135.75
176,140.8,127.21,136.47
177,141.6,128,137.43
178,142.4,128.79,138.87
179,143.2,129.58,138.89
180,144,130.37,139.84
181,144.8,131.16,140.57
182,145.6,131.95,141.58
183,146.4,132.74,142.49
184,147.2,133.53,142.99
185,148,134.31,143.92
186,148.8,135.1,144.67
187,149.6,135.89,145.15
188,150.4,136.68,146.11
189,151.2,137.46,146.84
190,152,138.25,147.55
191,152.8,139.04,148.28
192,153.6,139.83,148.75
193,154.4,140.61,149.5
194,155.2,141.4,150.2
195,156,142.19,150.91
196,156.8,142.97,151.38
197,157.6,143.76,152.1
198,158.4,144.55,152.83
199,159.2,145.34,153.32
200,160,146.12,154.76
201,160.8,146.91,154.76
202,161.6,147.7,155.48
203,162.4,148.48,155.94
204,163.2,149.27,156.67
205,164,150.06,157.38
206,164.8,150.85,157.86
207,165.6,151.64,158.1
208,166.4,152.42,159.31
209,167.2,153.21,159.3
210,168,154,160.27
211,168.8,154.79,160.27
212,169.6,155.58,161.48
213,170.4,156.37,161.69
214,171.2,157.15,162.26
215,172,157.94,162.7
216,172.8,158.73,163.4
217,173.6,159.52,163.63
218,174.4,160.31,164.15
219,175.2,161.1,164.82
220,176,161.89,165.57
221,176.8,162.68,166.03
222,177.6,163.47,166.76
223,178.4,164.26,167
224,179.2,165.06,167.94
225,180,165.85,168.18
226,180.8,166.64,169.14
227,181.6,167.43,169.13
228,182.4,168.22,169.86
229,183.2,169.01,170.57
230,184,169.81,171.05
231,184.8,170.6,171.77
232,185.6,171.39,172.24
233,186.4,172.18,173.46
234,187.2,172.98,173.7
235,188,173.77,173.73
236,188.8,174.56,174.4
237,189.6,175.36,175.58
238,190.4,176.15,175.62
239,191.2,176.95,176.56
240,192,177.74,176.8
241,192.8,178.54,177.74
242,193.6,179.33,178
243,194.4,180.12,178.47
244,195.2,180.92,179.23
245,196,181.72,179.9
246,196.8,182.51,180.63
247,197.6,183.31,181.11
248,198.4,184.1,181.84
249,199.2,184.9,182.31
250,200,185.69,183.28
251,200.8,186.49,183.75
252,201.6,187.29,183.99
253,202.4,188.08,185.2
254,203.2,188.88,185.43
255,204,189.68,186.15
256,204.8,190.48,187.1
257,205.6,191.27,187.58
258,206.4,192.07,189.27
259,207.2,192.87,189.24
260,208,193.67,189.74
261,208.8,194.46,190.43
262,209.6,195.26,191.17
263,210.4,196.06,191.65
264,211.2,196.86,192.59
265,212,197.66,193.3
266,212.8,198.45,194.02
267,213.6,199.25,194.74
268,214.4,200.05,195.46
269,215.2,200.85,196.15
270,216,201.65,197.11
271,216.8,202.45,198.29
272,217.6,203.25,198.29
273,218.4,204.05,199.25
274,219.2,204.85,200.2
275,220,205.65,200.68
276,220.8,206.44,201.63
277,221.6,207.24,202.34
278,222.4,208.04,203.29
279,223.2,208.84,204.03
280,224,209.64,204.95
281,224.8,210.44,205.9
282,225.6,211.24,206.83
283,226.4,212.04,208.02
284,227.2,212.84,208.74
285,228,213.64,209.69
286,228.8,214.44,210.17
287,229.6,215.24,211.35
288,230.4,216.04,211.81
289,231.2,216.84,213.02
290,232,217.64,213.25
291,232.8,218.44,214.19
292,233.6,219.24,215.15
293,234.4,220.04,215.84
294,235.2,220.84,216.84
295,236,221.64,217.73
296,236.8,222.44,218.98
297,237.6,223.24,219.4
298,238.4,224.04,220.42
299,239.2,224.84,221.09
300,240,225.64,222.03
301,240.8,226.44,223.44
302,241.6,227.24,223.7
303,242.4,228.04,224.62
304,243.2,228.84,225.61
305,244,229.64,226.75
306,244.8,230.44,227.24
307,245.6,231.24,228.4
308,246.4,232.04,229.13
309,247.2,232.84,230.06
310,248,233.64,231
311,248.8,234.44,231.71
312,249.6,235.24,232.65
313,250.4,236.04,233.59
314,251.2,236.84,234.78
315,252,237.64,235.49
316,252.8,238.44,236.2
317,253.6,239.24,237.14
318,254.4,240.04,238.35
319,255.2,240.84,239.28
320,256,241.64,239.99
321,256.8,242.44,241.17
322,257.6,243.24,241.65
323,258.4,244.04,242.6
324,259.2,244.84,243.53
325,260,245.64,244.46
326,260.8,246.44,245.18
327,261.6,247.24,246.37
328,262.4,248.04,247.31
329,263.2,248.84,248.26
330,264,249.64,249.21
331,264.8,250.44,250.61
332,265.6,251.24,252.04
333,266.4,252.04,251.61
334,267.2,252.84,252.77
335,268,253.64,253.48
336,268.8,254.44,254.41
337,269.6,255.24,255.12
338,270.4,256.04,256.32
339,271.2,256.84,257.01
340,272,257.64,257.96
341,272.8,258.44,258.66
342,273.6,259.24,259.85
343,274.4,260.04,260.31
344,275.2,260.83,261.49
345,276,261.63,262.44
346,276.8,262.43,263.15
347,277.6,263.23,263.85
348,278.4,264.03,264.83
349,279.2,264.83,265.76
350,280,265.63,266.23
351,280.8,266.43,267.4
352,281.6,267.23,268.1
353,282.4,268.03,269.05
354,283.2,268.83,270.01
355,284,269.63,271.17
356,284.8,270.43,271.65
357,285.6,271.22,272.39
358,286.4,272.02,273.3
359,287.2,272.82,274.24
360,288,273.62,275.19
361,288.8,274.42,275.89
362,289.6,275.22,276.84
363,290.4,276.02,278.24
364,291.2,276.82,278.47
365,292,277.62,278.94
366,292.8,278.42,280.11
367,293.6,279.22,281.07
368,294.4,280.01,281.77
369,295.2,280.81,282.7
370,296,281.61,283.65
371,296.8,282.41,284.36
372,297.6,283.21,284.81
373,298.4,284.01,286.47
374,299.2,284.81,286.22
375,300,285.61,286.9
376,300.8,286.41,288.09
377,301.6,287.2,288.54
378,302.4,288,289.53
379,303.2,288.8,290.2
380,304,289.6,290.93
381,304.8,290.4,291.61
382,305.6,291.2,292.6
383,306.4,292,293.29
384,307.2,292.8,293.99
385,308,293.59,295.11
386,308.8,294.39,295.39
387,309.6,295.19,296.29
388,310.4,295.99,297.02
389,311.2,296.79,297.7
390,312,297.59,298.66
391,312.8,298.39,299.12
392,313.6,299.19,300.05
393,314.4,299.98,300.29
394,315.2,300.78,301.45
395,316,301.58,302.19
396,316.8,302.38,302.86
397,317.6,303.18,303.56
398,318.4,303.98,304.26
399,319.2,304.78,304.97
400,320,305.58,307.1
401,320.8,306.37,306.61
402,321.6,307.17,307.79
403,322.4,307.97,308.26
404,323.2,308.77,308.72
405,324,309.57,309.65
406,324.8,310.37,310.12
407,325.6,311.17,311.06
408,326.4,311.97,311.75
409,327.2,312.76,312.69
410,328,313.56,312.92
411,328.8,314.36,314.1
412,329.6,315.16,314.81
413,330.4,315.96,315.51
414,331.2,316.76,316.45
415,332,317.56,316.91
416,332.8,318.36,317.83
417,333.6,319.15,318.31
418,334.4,319.95,319.28
419,335.2,320.75,319.73
420,336,321.55,320.41
421,336.8,322.35,321.36
422,337.6,323.15,322.52
423,338.4,323.95,322.77
424,339.2,324.75,324.16
425,340,325.54,324.64
426,340.8,326.34,325.34
427,341.6,327.14,326.04
428,342.4,327.94,326.75
429,343.2,328.74,327.45
430,344,329.54,328.41
431,344.8,330.34,329.31
432,345.6,331.14,330.01
433,346.4,331.93,330.47
434,347.2,332.73,331.41
435,348,333.53,332.11
436,348.8,334.33,333.03
437,349.6,335.13,333.75
438,350.4,335.93,334.44
439,351.2,336.73,335.39
440,352,337.53,335.86
441,352.8,338.32,336.79
442,353.6,339.12,337.26
443,354.4,339.92,338.21
444,355.2,340.72,339.15
445,356,341.52,339.63
446,356.8,342.32,341.03
447,357.6,343.12,341.96
448,358.4,343.92,342.19
449,359.2,344.72,342.89
450,360,345.51,343.58
451,360.8,346.31,344.52
452,361.6,347.11,345.46
453,362.4,347.91,346.18
454,363.2,348.71,346.87
455,364,349.51,348.28
456,364.8,350.31,348.51
457,365.6,351.11,349.68
458,366.4,351.9,350.16
459,367.2,352.7,350.87
460,368,353.5,352.04
461,368.8,354.3,352.52
462,369.6,355.1,353.69
463,370.4,355.9,354.16
464,371.2,356.7,355.82
465,372,357.5,355.78
466,372.8,358.3,357.45
467,373.6,359.09,357.92
468,374.4,359.89,358.38
469,375.2,360.69,358.83
470,376,361.49,360.5
471,376.8,362.29,360.49
472,377.6,363.09,361.67
473,378.4,363.89,362.12
474,379.2,364.69,363.33
475,380,365.49,363.78
476,380.8,366.28,364.73
477,381.6,367.08,365.43
478,382.4,367.88,366.15
479,383.2,368.68,366.83
480,384,369.48,368.02
481,384.8,370.28,368.49
482,385.6,371.08,369.64
483,386.4,371.88,370.1
484,387.2,372.68,371.01
485,388,373.47,371.95
486,388.8,374.27,372.93
487,389.6,375.07,373.37
488,390.4,375.87,374.08
489,391.2,376.67,375.25
490,392,377.47,375.49
491,392.8,378.27,376.91
492,393.6,379.07,377.6
493,394.4,379.87,378.3
494,395.2,380.66,379.03
495,396,381.46,379.95
496,396.8,382.26,380.64
497,397.6,383.06,381.82
498,398.4,383.86,382.51
499,399.2,384.66,383.23
500,400,385.46,384.17
501,400.8,386.26,384.87
502,401.6,387.06,386.27
503,402.4,387.85,386.52
504,403.2,388.65,387.45
505,404,389.45,388.42
506,404.8,390.25,388.89
507,405.6,391.05,389.81
508,406.4,391.85,391.45
509,407.2,392.65,391.92
510,408,393.45,392.39
511,408.8,394.25,393.56
512,409.6,395.05,394.27
513,410.4,395.84,394.97
514,411.2,396.64,395.45
515,412,397.44,396.62
516,412.8,398.24,397.34
517,413.6,399.04,398.28
518,414.4,399.84,399.2
519,415.2,400.64,399.69
520,416,401.44,400.4
521,416.8,402.24,401.09
522,417.6,403.03,402.02
523,418.4,403.83,402.74
524,419.2,404.63,403.69
525,420,405.43,404.39
526,420.8,406.23,405.32
527,421.6,407.03,406.01
528,422.4,407.83,406.73
529,423.2,408.63,407.68
530,424,409.43,408.38
531,424.8,410.22,409.31
532,425.6,411.02,410.24
533,426.4,411.82,410.49
534,427.2,412.62,411.68
535,428,413.42,412.35
536,428.8,414.22,413.54
537,429.6,415.02,414
538,430.4,415.82,414.7
539,431.2,416.62,415.64
540,432,417.42,416.34
541,432.8,418.21,416.81
542,433.6,419.01,417.98
543,434.4,419.81,418.69
544,435.2,420.61,419.61
545,436,421.41,420.32
546,436.8,422.21,421.27
547,437.6,423.01,421.73
548,438.4,423.81,422.95
549,439.2,424.61,423.62
550,440,425.4,424.32
551,440.8,426.2,425.06
552,441.6,427,425.96
553,442.4,427.8,426.9
554,443.2,428.6,427.61
555,444,429.4,428.34
556,444.8,430.2,429.5
557,445.6,431,429.97
558,446.4,431.8,430.91
559,447.2,432.59,431.86
560,448,433.39,432.83
561,448.8,434.19,433.52
562,449.6,434.99,434.25
563,450.4,435.79,434.97
564,451.2,436.59,435.7
565,452,437.39,436.36
566,452.8,438.19,437.79
567,453.6,438.99,438.02
568,454.4,439.79,438.73
569,455.2,440.58,439.18
570,456,441.38,440.38
571,456.8,442.18,440.83
572,457.6,442.98,441.81
573,458.4,443.78,442.49
574,459.2,444.58,442.98
575,460,445.38,443.67
576,460.8,446.18,444.38
577,461.6,446.98,445.56
578,462.4,447.77,446.26
579,463.2,448.57,446.95
580,464,449.37,447.91
581,464.8,450.17,448.6
582,465.6,450.97,449.54
583,466.4,451.77,450.25
584,467.2,452.57,450.95
585,468,453.37,451.88
586,468.8,454.17,452.82
587,469.6,454.97,453.29
588,470.4,455.76,454.24
589,471.2,456.56,454.93
590,472,457.36,455.65
591,472.8,458.16,457.51
592,473.6,458.96,457.53
593,474.4,459.76,458.24
594,475.2,460.56,458.96
595,476,461.36,459.65
596,476.8,462.16,460.59
597,477.6,462.95,461.08
598,478.4,463.75,462.48
599,479.2,464.55,462.73
600,480,465.35,463.43
601,480.8,466.15,464.6
602,481.6,466.95,465.32
603,482.4,467.75,465.77
604,483.2,468.55,467.19
605,484,469.35,467.65
606,484.8,470.14,468.36
607,485.6,470.94,469.07
608,486.4,471.74,470.02
609,487.2,472.54,470.72
610,488,473.34,471.65
611,488.8,474.14,472.36
612,489.6,474.94,473.31
613,490.4,475.74,474.31
614,491.2,476.54,474.73
615,492,477.34,475.44
616,492.8,478.13,476.39
617,493.6,478.93,477.11
618,494.4,479.73,477.8
619,495.2,480.53,478.79
620,496,481.33,479.72
621,496.8,482.13,480.42
622,497.6,482.93,481.12
623,498.4,483.73,481.61
624,499.2,484.53,482.78
625,500,485.32,484.19
626,500.8,486.12,484.19
627,501.6,486.92,484.91
628,502.4,487.72,486.09
629,503.2,488.52,486.8
630,504,489.32,487.51
631,504.8,490.12,488.23
632,505.6,490.92,488.94
633,506.4,491.72,490.33
634,507.2,492.52,490.6
635,508,493.31,491.75
636,508.8,494.11,492.96
637,509.6,494.91,492.95
638,510.4,495.71,493.66
639,511.2,496.51,494.84
640,512,497.31,495.34
641,512.8,498.11,496.28
642,513.6,498.91,496.99
643,514.4,499.71,497.7
644,515.2,500.51,498.89
645,516,501.3,499.59
646,516.8,502.1,500.34
647,517.6,502.9,501.5
648,518.4,503.7,501.97
649,519.2,504.5,502.68
650,520,505.3,504.11
651,520.8,506.1,504.58
652,521.6,506.9,505.32
653,522.4,507.7,505.75
654,523.2,508.49,506.95
655,524,509.29,507.66
656,524.8,510.09,508.85
657,525.6,510.89,509.55
658,526.4,511.69,510.96
659,527.2,512.49,510.48
660,528,513.29,511.91
661,528.8,514.09,512.67
662,529.6,514.89,513.35
663,530.4,515.69,515.05
664,531.2,516.48,515.02
665,532,517.28,515.48
666,532.8,518.08,516.22
667,533.6,518.88,517.38
668,534.4,519.68,517.86
669,535.2,520.48,518.61
670,536,521.28,519.52
671,536.8,522.08,520.31
672,537.6,522.88,521.24
673,538.4,523.67,521.95
674,539.2,524.47,523.13
675,540,525.27,523.6
676,540.8,526.07,523.84
677,541.6,526.87,524.77
678,542.4,527.67,526.19
679,543.2,528.47,526.43
680,544,529.27,527.14
681,544.8,530.07,527.85
682,545.6,530.87,528.8
683,546.4,531.66,529.51
684,547.2,532.46,530.22
685,548,533.26,530.93
686,548.8,534.06,531.64
687,549.6,534.86,532.81
688,550.4,535.66,533.53
689,551.2,536.46,534.48
690,552,537.26,534.71
691,552.8,538.06,535.67
692,553.6,538.86,536.62
693,554.4,539.65,537.57
694,555.2,540.45,538.28
695,556,541.25,538.98
696,556.8,542.05,539.93
697,557.6,542.85,540.4
698,558.4,543.65,541.11
699,559.2,544.45,542.06
700,560,545.25,543
701,560.8,546.05,543.48
702,561.6,546.85,544.67
703,562.4,547.64,545.15
704,563.2,548.44,546.09
705,564,549.24,546.87
706,564.8,550.04,547.52
707,565.6,550.84,548.23
708,566.4,551.64,548.91
709,567.2,552.44,549.88
710,568,553.24,550.8
711,568.8,554.04,551.54
712,569.6,554.83,552.27
713,570.4,555.63,552.97
714,571.2,556.43,553.93
715,572,557.23,554.15
716,572.8,558.03,555.82
717,573.6,558.83,556.05
718,574.4,559.63,556.76
719,575.2,560.43,557.72
720,576,561.23,558.7
721,576.8,562.03,559.41
722,577.6,562.82,560.59
723,578.4,563.62,561.1
724,579.2,564.42,561.59
725,580,565.22,562.78
726,580.8,566.02,564.23
727,581.6,566.82,564.22
728,582.4,567.62,564.95
729,583.2,568.42,566.14
730,584,569.22,567.08
731,584.8,570.02,567.31
732,585.6,570.81,568.27
733,586.4,571.61,569.23
734,587.2,572.41,569.7
735,588,573.21,570.65
736,588.8,574.01,571.61
737,589.6,574.81,572.33
738,590.4,575.61,573.31
739,591.2,576.41,574.25
740,592,577.21,574.74
741,592.8,578.01,575.7
742,593.6,578.8,576.43
743,594.4,579.6,577.14
744,595.2,580.4,577.86
745,596,581.2,578.81
746,596.8,582,579.79
747,597.6,582.8,580.27
748,598.4,583.6,581.23
749,599.2,584.4,581.69
750,600,585.2,582.9
751,600.8,586,583.85
752,601.6,586.79,585.06
753,602.4,587.59,585.32
754,603.2,588.39,585.8
755,604,589.19,587.22
756,604.8,589.99,587.7
757,605.6,590.79,588.42
758,606.4,591.59,589.37
759,607.2,592.39,590.33
760,608,593.19,591.3
761,608.8,593.99,592.27
762,609.6,594.78,592.75
763,610.4,595.58,592.98
764,611.2,596.38,594.72
765,612,597.18,594.45
766,612.8,597.98,596.4
767,613.6,598.78,596.14
768,614.4,599.58,597.62
769,615.2,600.38,598.09
770,616,601.18,598.8
771,616.8,601.98,599.77
772,617.6,602.77,600
773,618.4,603.57,601.22
774,619.2,604.37,601.97
775,620,605.17,602.74
776,620.8,605.97,603.41
777,621.6,606.77,603.91
778,622.4,607.57,604.85
779,623.2,608.37,605.6
780,624,609.17,606.31
781,624.8,609.97,607.28
782,625.6,610.76,607.99
783,626.4,611.56,608.96
784,627.2,612.36,609.47
785,628,613.16,610.43
786,628.8,613.96,611.15
787,629.6,614.76,611.85
788,630.4,615.56,612.6
789,631.2,616.36,613.33
790,632,617.16,614.56
791,632.8,617.96,615.51
792,633.6,618.75,615.77
793,634.4,619.55,616.98
794,635.2,620.35,617.47
795,636,621.15,618.18
796,636.8,621.95,618.68
797,637.6,622.75,619.88
798,638.4,623.55,620.38
799,639.2,624.35,621.34
800,640,625.15,622.55
801,640.8,625.95,623.04
802,641.6,626.74,623.76
803,642.4,627.54,625.01
804,643.2,628.34,625.47
805,644,629.14,626.43
806,644.8,629.94,626.9
807,645.6,630.74,627.87
808,646.4,631.54,628.6
809,647.2,632.34,629.32
810,648,633.14,630.06
811,648.8,633.94,631.75
812,649.6,634.73,631.52
813,650.4,635.53,632.5
814,651.2,636.33,633.46
815,652,637.13,633.96
816,652.8,637.93,634.68
817,653.6,638.73,635.89
818,654.4,639.53,636.64
819,655.2,640.33,637.6
820,656,641.13,638.09
821,656.8,641.93,639.04
822,657.6,642.73,640.26
823,658.4,643.52,640.49
824,659.2,644.32,641.48
825,660,645.12,641.97
826,660.8,645.92,642.71
827,661.6,646.72,643.44
828,662.4,647.52,644.16
829,663.2,648.32,645.12
830,664,649.12,646.12
831,664.8,649.92,647.57
832,665.6,650.72,647.83
833,666.4,651.51,648.56
834,667.2,652.31,649.79
835,668,653.11,649.79
836,668.8,653.91,650.51
837,669.6,654.71,651.74
838,670.4,655.51,651.99
839,671.2,656.31,653.2
840,672,657.11,653.95
841,672.8,657.91,654.48
842,673.6,658.71,655.68
843,674.4,659.5,656.66
844,675.2,660.3,657.15
845,676,661.1,657.64
846,676.8,661.9,659.35
847,677.6,662.7,660.12
848,678.4,663.5,660.33
849,679.2,664.3,661.08
850,680,665.1,661.82
851,680.8,665.9,662.56
852,681.6,666.7,663.54
853,682.4,667.49,664.29
854,683.2,668.29,665.02
855,684,669.09,665.99
856,684.8,669.89,666.24
857,685.6,670.69,667.96
858,686.4,671.49,668.21
859,687.2,672.29,669.94
860,688,673.09,669.93
861,688.8,673.89,670.92
862,689.6,674.69,671.65
863,690.4,675.49,672.4
864,691.2,676.28,672.88
865,692,677.08,674.37
866,692.8,677.88,674.36
867,693.6,678.68,676.11
868,694.4,679.48,676.38
869,695.2,680.28,677.84
870,696,681.08,678.12
871,696.8,681.88,678.84
872,697.6,682.68,679.58
873,698.4,683.48,680.58
874,699.2,684.27,681.06
875,700,685.07,681.53
876,700.8,685.87,682.3
877,701.6,686.67,683
878,702.4,687.47,683.76
879,703.2,688.27,684.75
880,704,689.07,685.47
881,704.8,689.87,686.23
882,705.6,690.67,686.99
883,706.4,691.47,687.94
884,707.2,692.26,688.44
885,708,693.06,689.2
886,708.8,693.86,690.19
887,709.6,694.66,691.19
888,710.4,695.46,691.92
889,711.2,696.26,692.91
890,712,697.06,693.15
891,712.8,697.86,694.14
892,713.6,698.66,694.9
893,714.4,699.46,695.88
894,715.2,700.26,697.36
895,716,701.05,697.36
896,716.8,701.85,698.11
897,717.6,702.65,698.59
898,718.4,703.45,699.84
899,719.2,704.25,700.58
900,720,705.05,701.31
901,720.8,705.85,702.55
902,721.6,706.65,704.3
903,722.4,707.45,703.81
904,723.2,708.25,704.59
905,724,709.04,705.56
906,724.8,709.84,706.56
907,725.6,710.64,706.55
908,726.4,711.44,707.53
909,727.2,712.24,708.29
910,728,713.04,709.03
911,728.8,713.84,710.02
912,729.6,714.64,711.02
913,730.4,715.44,712.02
914,731.2,716.24,712.27
915,732,717.04,713.76
916,732.8,717.83,713.74
917,733.6,718.63,714.75
918,734.4,719.43,715.51
919,735.2,720.23,716.55
920,736,721.03,716.99
921,736.8,721.83,717.99
922,737.6,722.63,718.98
923,738.4,723.43,719.73
924,739.2,724.23,719.99
925,740,725.03,720.99
926,740.8,725.82,721.99
927,741.6,726.62,722.47
928,742.4,727.42,723.48
929,743.2,728.22,724.22
930,744,729.02,724.97
931,744.8,729.82,725.73
932,745.6,730.62,726.99
933,746.4,731.42,727.22
934,747.2,732.22,729.47
935,748,733.02,729.01
936,748.8,733.82,729.22
937,749.6,734.61,730.73
938,750.4,735.41,731.46
939,751.2,736.21,733.19
940,752,737.01,732.96
941,752.8,737.81,733.96
942,753.6,738.61,735.71
943,754.4,739.41,735.94
944,755.2,740.21,736.46
945,756,741.01,736.73
946,756.8,741.81,737.46
947,757.6,742.61,738.44
948,758.4,743.4,739.2
949,759.2,744.2,739.97
950,760,745,740.96
951,760.8,745.8,742.46
952,761.6,746.6,743.22
953,762.4,747.4,743.47
954,763.2,748.2,744.23
955,764,749,744.98
956,764.8,749.8,745.97
957,765.6,750.6,746.28
958,766.4,751.39,747.48
959,767.2,752.19,748.49
960,768,752.99,749.5
961,768.8,753.79,749.74
962,769.6,754.59,751.06
963,770.4,755.39,751.76
964,771.2,756.19,751.76
965,772,756.99,754.26
966,772.8,757.79,753.23
967,773.6,758.59,755.02
968,774.4,759.39,755
969,775.2,760.18,757.05
970,776,760.98,757.55
971,776.8,761.78,758.33
972,777.6,762.58,758.54
973,778.4,763.38,759.32
974,779.2,764.18,759.8
975,780,764.98,761.35
976,780.8,765.78,761.58
977,781.6,766.58,762.11
978,782.4,767.38,762.84
979,783.2,768.18,764.09
980,784,768.97,764.61
981,784.8,769.77,765.86
982,785.6,770.57,766.1
983,786.4,771.37,767.11
984,787.2,772.17,767.87
985,788,772.97,768.62
986,788.8,773.77,768.87
987,789.6,774.57,769.87
988,790.4,775.37,770.62
989,791.2,776.17,771.38
990,792,776.96,772.4
991,792.8,777.76,773.4
992,793.6,778.56,774.17
993,794.4,779.36,774.93
994,795.2,780.16,775.43
995,796,780.96,776.19
996,796.8,781.76,777.19
997,797.6,782.56,777.69
998,798.4,783.36,778.7
999,799.2,784.16,779.72
1000,800,784.96,780.23
1001,800,785.75,781.25
1002,800,786.52,782
1003,800,787.28,783
1004,800,788.03,783.26
1005,800,788.76,784.52
1006,800,789.47,785.31
1007,800,790.16,786.05
1008,800,790.84,786.31
1009,800,791.5,787.57
1010,800,792.15,787.57
1011,800,792.77,788.89
1012,800,793.38,789.35
1013,800,793.97,790.6
1014,800,794.54,791.36
1015,800,795.1,792.12
1016,800,795.64,792.11
1017,800,796.16,793.14
1018,800,796.66,793.63
1019,800,797.15,794.17
1020,800,797.61,794.67
1021,800,798.07,795.42
1022,800,798.5,796.2
1023,800,798.92,797.72
1024,800,799.32,796.95
1025,800,799.7,797.71
1026,800,800.07,798.48
1027,800,800.42,798.47
1028,800,800.75,799.23
1029,800,801.07,799.49
1030,800,801.37,799.49
1031,800,801.66,799.74
1032,800,801.93,800.5
1033,800,802.19,800.76
1034,800,802.44,800.77
1035,800,802.66,801.27
1036,800,802.88,801.28
1037,800,803.08,801.79
1038,800,803.27,801.28
1039,800,803.44,802.28
1040,800,803.61,802.03
1041,800,803.76,802.05
1042,800,803.89,802.04
1043,800,804.02,802.28
1044,800,804.13,802.03
1045,800,804.24,802.05
1046,800,804.33,802.03
1047,800,804.41,802.03
1048,800,804.48,802.05
1049,800,804.54,801.79
1050,800,804.6,802.03
1051,800,804.64,802.03
1052,800,804.67,802.03
1053,800,804.7,801.77
1054,800,804.71,802.02
1055,800,804.72,802.78
1056,800,804.72,801.76
1057,800,804.72,802.02
1058,800,804.7,801.76
1059,800,804.68,802.28
1060,800,804.66,801.29
1061,800,804.63,801.51
1062,800,804.59,801.25
1063,800,804.54,801.28
1064,800,804.49,801.8
1065,800,804.44,801.8
1066,800,804.38,801.77
1067,800,804.32,801.52
1068,800,804.25,801.77
1069,800,804.18,801.52
1070,800,804.1,801.25
1071,800,804.02,799.98
1072,800,803.94,800.49
1073,800,803.85,800.26
1074,800,803.77,800.24
1075,800,803.67,800.27
1076,800,803.58,799.74
1077,800,803.49,799.51
1078,800,803.39,799.23
1079,800,803.29,799.26
1080,800,803.19,799.25
1081,800,803.09,799.26
1082,800,802.99,798.76
1083,800,802.88,799
1084,800,802.78,798.74
1085,800,802.67,798.48
1086,800,802.57,798.48
1087,800,802.46,798
1088,800,802.36,798.23
1089,800,802.25,797.73
1090,800,802.14,797.73
1091,800,802.04,797.99
1092,800,801.93,797.73
1093,800,801.83,797.49
1094,800,801.72,798.48
1095,800,801.62,797.72
1096,800,801.52,797.73
1097,800,801.42,797
1098,800,801.31,797.23
1099,800,801.21,796.97
1100,800,801.12,797.25
1101,800,801.02,796.99
1102,800,800.92,796.73
1103,800,800.83,796.99
1104,800,800.73,796.99
1105,800,800.64,797.27
1106,800,800.55,796.76
1107,800,800.46,796.73
1108,800,800.38,796.73
1109,800,800.29,796.73
1110,800,800.21,796.99
1111,800,800.13,796.99
1112,800,800.05,797
1113,800,799.97,796.97
1114,800,799.89,796.5
1115,800,799.82,796.99
1116,800,799.75,796.48
1117,800,799.68,796.99
1118,800,799.61,796.99
1119,800,799.54,796.54
1120,800,799.48,796.99
1121,800,799.41,796.76
1122,800,799.35,797
1123,800,799.29,797.01
1124,800,799.24,796.77
1125,800,799.18,797
1126,800,799.13,797.01
1127,800,799.08,797
1128,800,799.03,797
1129,800,798.98,797.25
1130,800,798.94,798.04
1131,800,798.89,797.53
1132,800,798.85,797.52
1133,800,798.81,797.77
1134,800,798.77,797.76
1135,800,798.74,797.52
1136,800,798.7,797.79
1137,800,798.67,797.76
1138,800,798.64,798.03
1139,800,798.61,797.77
1140,800,798.58,798.28
1141,800,798.56,798.04
1142,800,798.53,797.77
1143,800,798.51,798.27
1144,800,798.49,797.79
1145,800,798.47,798.04
1146,800,798.45,797.79
1147,800,798.43,798.55
1148,800,798.41,798.33
1149,800,798.4,798.79
1150,800,798.39,798.28
1151,800,798.37,798.28
1152,800,798.36,798.56
1153,800,798.35,798.54
1154,800,798.35,798.56
1155,800,798.34,798.54
1156,800,798.33,798.54
1157,800,798.33,798.54
1158,800,798.32,798.54
1159,800,798.32,799.03
1160,800,798.32,798.28
1161,800,798.32,799.56
1162,800,798.32,798.32
1163,800,798.32,799.06
1164,800,798.32,798.8
1165,800,798.32,799.83
1166,800,798.32,800.38
1167,800,798.33,799.6
1168,800,798.33,799.06
1169,800,798.34,799.1
1170,800,798.34,798.56
1171,800,798.35,798.85
1172,800,798.35,799.35
1173,800,798.36,798.56
1174,800,798.37,799.07
1175,800,798.38,798.55
1176,800,798.38,798.8
1177,800,798.39,798.83
1178,800,798.4,798.04
1179,800,798.41,798.29
1180,800,798.42,798.31
1181,800,798.43,798.29
1182,800,798.44,798.8
1183,800,798.45,798.54
1184,800,798.46,798.05
1185,800,798.48,798.54
1186,800,798.49,798.28
1187,800,798.5,798.8
1188,800,798.51,798.55
1189,800,798.52,798.31
1190,800,798.53,798.8
1191,800,798.55,798.04
1192,800,798.56,798.55
1193,800,798.57,798.29
1194,800,798.58,798.54
1195,800,798.59,798.55
1196,800,798.61,798.04
1197,800,798.62,798.03
1198,800,798.63,798.54
1199,800,798.64,798.27
1200,800,798.65,798.79
1201,800,798.67,798.26
1202,800,798.68,798.27
1203,800,798.69,798.51
1204,800,798.7,798.76
1205,800,798.71,798.78
1206,800,798.72,798.52
1207,800,798.74,798.28
1208,800,798.75,798.55
1209,800,798.76,798.54
1210,800,798.77,798.8
1211,800,798.78,798.54
1212,800,798.79,798.56
1213,800,798.8,798.55
1214,800,798.81,798.82
1215,800,798.82,799.06
1216,800,798.83,798.8
1217,800,798.84,798.82
1218,800,798.85,798.55
1219,800,798.86,799.04
1220,800,798.87,799.07
1221,800,798.88,798.8
1222,800,798.88,798.56
1223,800,798.89,799.07
1224,800,798.9,798.82
1225,800,798.91,799.07
1226,800,798.92,798.83
1227,800,798.92,798.82
1228,800,798.93,799.06
1229,800,798.94,798.82
1230,800,798.95,798.82
1231,800,798.95,798.57
1232,800,798.96,798.8
1233,800,798.97,799.06
1234,800,798.97,798.59
1235,800,798.98,799.06
1236,800,798.98,798.8
1237,800,798.99,799.31
1238,800,798.99,799.06
1239,800,799,798.79
1240,800,799,799.06
1241,800,799.01,799.32
1242,800,799.01,799.32
1243,800,799.02,799.07
1244,800,799.02,798.55
1245,800,799.02,799.07
1246,800,799.03,799.56
1247,800,799.03,798.82
1248,800,799.03,798.8
1249,800,799.04,799.32
1250,800,799.04,799.32
1251,800,799.04,799.32
1252,800,799.05,799.07
1253,800,799.05,799.06
1254,800,799.05,799.11
1255,800,799.05,799.32
1256,800,799.05,799.08
1257,800,799.06,798.8
1258,800,799.06,799.58
1259,800,799.06,799.86
1260,800,799.06,799.59
1261,800,799.06,799.36
1262,800,799.06,799.6
1263,800,799.06,799.62
1264,800,799.06,799.87
1265,800,799.07,800.12
1266,800,799.07,798.84
1267,800,799.07,799.63
1268,800,799.07,799.1
1269,800,799.07,799.12
1270,800,799.07,798.61
1271,800,799.07,799.38
1272,800,799.07,798.59
1273,800,799.07,799.63
1274,800,799.07,799.11
1275,800,799.07,798.59
1276,800,799.07,798.85
1277,800,799.07,798.6
1278,800,799.07,798.85
1279,800,799.07,798.35
1280,800,799.07,798.57
1281,800,799.07,799.08
1282,800,799.07,799.59
1283,800,799.07,798.57
1284,800,799.06,798.36
1285,800,799.06,798.83
1286,800,799.06,798.57
1287,800,799.06,798.56
1288,800,799.06,798.55
1289,800,799.06,798.31
1290,800,799.06,798.56
1291,800,799.06,798.55
1292,800,799.06,798.56
1293,800,799.06,798.32
1294,800,799.06,798.57
1295,800,799.06,798.57
1296,800,799.05,798.57
1297,800,799.05,798.6
1298,800,799.05,798.59
1299,800,799.05,798.83
1300,800,799.05,798.59
1301,800,799.05,798.33
1302,800,799.05,798.59
1303,800,799.05,798.33
1304,800,799.05,798.59
1305,800,799.05,798.6
1306,800,799.05,799.13
1307,800,799.04,798.57
1308,800,799.04,799.35
1309,800,799.04,799.35
1310,800,799.04,798.36
1311,800,799.04,799.35
1312,800,799.04,799.1
1313,800,799.04,799.11
1314,800,799.04,798.59
1315,800,799.04,798.85
1316,800,799.04,798.87
1317,800,799.04,799.12
1318,800,799.03,798.61
1319,800,799.03,798.85
1320,800,799.03,799.11
1321,800,799.03,799.62
1322,800,799.03,799.12
1323,800,799.03,799.35
1324,800,799.03,799.86
1325,800,799.03,799.1
1326,800,799.03,799.11
1327,800,799.03,799.1
1328,800,799.03,798.85
1329,800,799.03,799.11
1330,800,799.03,799.11
1331,800,799.03,799.11
1332,800,799.03,799.08
1333,800,799.03,799.38
1334,800,799.02,799.62
1335,800,799.02,799.1
1336,800,799.02,799.36
1337,800,799.02,799.1
1338,800,799.02,799.12
1339,800,799.02,799.38
1340,800,799.02,799.39
1341,800,799.02,799.63
1342,800,799.02,799.11
1343,800,799.02,799.39
1344,800,799.02,799.16
1345,800,799.02,799.39
1346,800,799.02,799.39
1347,800,799.02,799.44
1348,800,799.02,799.4
1349,800,799.02,799.15
1350,800,799.02,799.41
1351,800,799.02,800.16
1352,800,799.02,799.4
1353,800,799.02,799.66
1354,800,799.02,799.13
1355,800,799.02,799.9
1356,800,799.02,799.39
1357,800,799.02,800.15
1358,800,799.02,799.9
1359,800,799.02,799.36
1360,800,799.02,800.91
1361,800,799.02,800.15
1362,800,799.02,800.94
1363,800,799.02,800.14
1364,800,799.02,799.38
1365,800,799.02,799.36
1366,800,799.02,800.14
1367,800,799.02,799.11
1368,800,799.02,799.9
1369,800,799.02,799.11
1370,800,799.02,799.9
1371,800,799.02,800.18
1372,800,799.02,799.4
1373,800,799.02,799.4
1374,800,799.02,799.4
1375,800,799.02,798.89
1376,800,799.02,799.13
1377,800,799.03,799.4
1378,800,799.03,799.38
1379,800,799.03,799.12
1380,800,799.03,799.12
1381,800,799.03,799.39
1382,800,799.03,799.13
1383,800,799.03,799.63
1384,800,799.03,799.12
1385,800,799.03,799.12
1386,800,799.03,799.4
1387,800,799.03,799.15
1388,800,799.03,799.64
1389,800,799.03,799.15
1390,800,799.03,800.16
1391,800,799.03,799.15
1392,800,799.03,799.4
1393,800,799.03,799.16
1394,800,799.03,799.41
1395,800,799.03,798.89
1396,800,799.03,799.15
1397,800,799.03,799.67
1398,800,799.03,798.89
1399,800,799.03,799.15
1400,800,799.03,799.4
1401,800,799.04,799.15
1402,800,799.04,798.89
1403,800,799.04,799.16
1404,800,799.04,799.15
1405,800,799.04,799.4
1406,800,799.04,799.41
1407,800,799.04,799.66
1408,800,799.04,799.4
1409,800,799.04,799.41
1410,800,799.04,799.41
1411,800,799.04,799.68
1412,800,799.04,799.67
1413,800,799.04,799.41
1414,800,799.04,799.41
1415,800,799.04,799.4
1416,800,799.04,799.41
1417,800,799.04,799.16
1418,800,799.04,799.67
1419,800,799.04,799.43
1420,800,799.04,799.43
1421,800,799.04,798.94
1422,800,799.04,799.43
1423,800,799.05,799.44
1424,800,799.05,800.19
1425,800,799.05,799.92
1426,800,799.05,799.69
1427,800,799.05,799.95
1428,800,799.05,799.19
1429,800,799.05,799.44
1430,800,799.05,800.44
1431,800,799.05,799.2
1432,800,799.05,799.45
1433,800,799.05,799.71
1434,800,799.05,799.45
1435,800,799.05,799.47
1436,800,799.05,799.45
1437,800,799.05,799.72
1438,800,799.05,799.44
1439,800,799.05,799.71
1440,800,799.05,799.45
1441,800,799.05,799.47
1442,800,799.05,799.48
1443,800,799.05,799.48
1444,800,799.05,799.48
1445,800,799.05,799.75
1446,800,799.06,799.99
1447,800,799.06,799.73
1448,800,799.06,799.48
1449,800,799.06,799.49
1450,800,799.06,800
1451,800,799.06,800.25
1452,800,799.06,800.25
1453,800,799.06,799.76
1454,800,799.06,800.52
1455,800,799.06,800.25
1456,800,799.06,800.76
1457,800,799.06,800.27
1458,800,799.06,800.24
1459,800,799.06,800.25
1460,800,799.06,800.24
1461,800,799.06,800.03
1462,800,799.06,799.72
1463,800,799.06,800
1464,800,799.06,799.47
1465,800,799.06,799.8
1466,800,799.06,799.72
1467,800,799.06,799.26
1468,800,799.06,799.49
1469,800,799.06,799.49
1470,800,799.06,799.49
1471,800,799.06,799.21
1472,800,799.06,799.47
1473,800,799.06,799.48
1474,800,799.07,800.23
1475,800,799.07,799.71
1476,800,799.07,799.49
1477,800,799.07,799.68
1478,800,799.07,799.71
1479,800,799.07,799.19
1480,800,799.07,799.44
1481,800,799.07,799.44
1482,800,799.07,799.44
1483,800,799.07,799.43
1484,800,799.07,799.4
1485,800,799.07,799.41
1486,800,799.07,800.18
1487,800,799.07,799.67
1488,800,799.07,799.4
1489,800,799.07,799.38
1490,800,799.07,799.38
1491,800,799.07,799.64
1492,800,799.07,799.12
1493,800,799.07,799.38
1494,800,799.07,799.39
1495,800,799.07,799.66
1496,800,799.07,799.4
1497,800,799.07,799.39
1498,800,799.07,799.66
1499,800,799.07,799.4
1500,800,799.07,799.66
1501,800,799.07,799.15
1502,800,799.07,799.15
1503,800,799.07,799.67
1504,800,799.07,799.67
1505,800,799.08,799.72
1506,800,799.08,799.67
1507,800,799.08,799.41
1508,800,799.08,799.68
1509,800,799.08,799.67
1510,800,799.08,799.43
1511,800,799.08,799.67
1512,800,799.08,799.68
1513,800,799.08,799.94
1514,800,799.08,799.94
1515,800,799.08,799.43
1516,800,799.08,800.2
1517,800,799.08,799.69
1518,800,799.08,800.47
1519,800,799.08,799.73
1520,800,799.08,799.44
1521,800,799.08,800.74
1522,800,799.08,799.44
1523,800,799.08,799.71
1524,800,799.08,799.71
1525,800,799.08,799.96
1526,800,799.08,799.73
1527,800,799.08,799.97
1528,800,799.08,799.73
1529,800,799.08,799.99
1530,800,799.08,800
1531,800,799.08,799.75
1532,800,799.08,799.77
1533,800,799.08,799.75
1534,800,799.08,799.76
1535,800,799.08,799.76
1536,800,799.08,799.75
1537,800,799.08,799.76
1538,800,799.08,800.81
1539,800,799.09,800.03
1540,800,799.09,800.03
1541,800,799.09,800.03
1542,800,799.09,800.03
1543,800,799.09,800.29
1544,800,799.09,800.55
1545,800,799.09,800.31
1546,800,799.09,799.53
1547,800,799.09,800.29
1548,800,799.09,800.05
1549,800,799.09,800.81
1550,800,799.09,800.03
1551,800,799.09,799.81
1552,800,799.09,800.85
1553,800,799.09,799.8
1554,800,799.09,800.33
1555,800,799.09,800.55
1556,800,799.09,800.83
1557,800,799.09,800.33
1558,800,799.09,800.36
1559,800,799.09,799.53
1560,800,799.09,799.81
1561,800,799.09,799.76
1562,800,799.09,800.81
1563,800,799.09,800.03
1564,800,799.09,799.8
1565,800,799.09,799.78
1566,800,799.09,799.77
1567,800,799.09,799.77
1568,800,799.09,800.57
1569,800,799.09,799.76
1570,800,799.09,799.5
1571,800,799.09,799.52
1572,800,799.1,799.29
1573,800,799.1,799.52
1574,800,799.1,799.8
1575,800,799.1,799.5
1576,800,799.1,799.52
1577,800,799.1,799.78
1578,800,799.1,800.31
1579,800,799.1,799.52
1580,800,799.1,799.52
1581,800,799.1,799.52
1582,800,799.1,799.52
1583,800,799.1,799.49
1584,800,799.1,799.5
1585,800,799.1,799.75
1586,800,799.1,800.51
1587,800,799.1,799.5
1588,800,799.1,799.49
1589,800,799.1,799.76
1590,800,799.1,799.52
1591,800,799.1,799.75
1592,800,799.1,799.52
1593,800,799.1,799.5
1594,800,799.1,799.76
1595,800,799.1,799.76
1596,800,799.1,799.49
1597,800,799.1,799.5
1598,800,799.1,799.77
1599,800,799.1,799.76
1600,800,799.1,799.52
1601,800,799.1,799.5
1602,800,799.1,799.76
1603,800,799.1,800.52
1604,800,799.11,799.5
1605,800,799.11,799.77
1606,800,799.11,799.49
1607,800,799.11,799.75
1608,800,799.11,799.75
1609,800,799.11,799.48
1610,800,799.11,800.25
1611,800,799.11,800.01
1612,800,799.11,800.27
1613,800,799.11,799.76
1614,800,799.11,799.75
1615,800,799.11,799.76
1616,800,799.11,800.01
1617,800,799.11,800.28
1618,800,799.11,800.25
1619,800,799.11,799.73
1620,800,799.11,798.49
1621,800,799.11,797.98
1622,800,799.11,797.23
1623,800,799.11,796.48
1624,800,799.11,795.95
1625,800,799.11,794.45
1626,800,799.11,793.68
1627,800,799.11,792.96
1628,800,799.11,791.67
1629,800,799.11,789.13
1630,800,799.11,786.85
1631,800,799.11,784.83
1632,800,799.11,782.54
1633,800,799.11,779.51
1634,800,799.11,777.23
1635,800,799.11,774.2
1636,800,799.11,770.43
1637,800,799.12,767.4
1638,800,799.12,764.14
1639,800,799.12,761.37
1640,800,799.12,758.11
1641,800,799.12,755.08
1642,800,799.12,754.12
1643,800,799.12,748.81
1644,800,799.12,745.6
1645,800,799.12,743.05
1646,800,799.12,740.6
1647,800,799.12,737.1
1648,800,799.12,735.62
1649,800,799.12,732.09
1650,800,799.12,730.64
1651,800,799.12,728.7
1652,800,799.12,725.41
1653,800,799.12,723.44
1654,800,799.12,721.19
1655,800,799.12,719.2
1656,800,799.12,716.74
1657,800,799.12,715.24
1658,800,799.12,713.03
1659,800,799.12,711.8
1660,800,799.12,709.58
1661,800,799.12,707.64
1662,800,799.12,705.67
1663,800,799.12,704.46
1664,800,799.12,702.98
1665,800,799.12,701.27
1666,800,799.12,699.82
1667,800,799.12,698.6
1668,800,799.12,696.89
1669,800,799.12,695.9
1670,800,799.13,693.97
1671,800,799.13,693.25
1672,800,799.13,691.78
1673,800,799.13,690.6
1674,800,799.13,689.42
1675,800,799.13,688.24
1676,800,799.13,687.06
1677,800,799.13,685.88
1678,800,799.13,684.7
1679,800,799.13,683.52
1680,800,799.13,682.34
1681,800,799.13,681.16
1682,800,799.13,679.98
1683,800,799.13,678.8
1684,800,799.13,677.62
1685,800,799.13,676.44
1686,800,799.13,675.26
1687,800,799.13,674.08
1688,800,799.13,672.9
1689,800,799.13,671.72
1690,800,799.13,670.54
1691,800,799.13,669.36
1692,800,799.13,668.18
1693,800,799.13,667
1694,800,799.13,665.82
1695,800,799.13,664.64
1696,800,799.13,663.46
1697,800,799.13,662.28
1698,800,799.13,661.1
1699,800,799.13,659.92
1700,800,799.13,658.74
1701,800,799.13,657.56
1702,800,799.13,656.38
1703,800,799.14,655.2
1704,800,799.14,654.02
1705,800,799.14,652.84
1706,800,799.14,651.66
1707,800,799.14,650.48
1708,800,799.14,649.3
1709,800,799.14,648.12
1710,800,799.14,646.94
1711,800,799.14,645.76
1712,800,799.14,644.58
1713,800,799.14,643.4
1714,800,799.14,642.22
1715,800,799.14,641.04
1716,800,799.14,639.86
1717,800,799.14,638.68
1718,800,799.14,637.5
1719,800,799.14,636.32
1720,800,799.14,635.14
1721,800,799.14,633.96
1722,800,799.14,632.78
1723,800,799.14,631.6
1724,800,799.14,630.42
1725,800,799.14,629.24
1726,800,799.14,628.06
1727,800,799.14,626.88
1728,800,799.14,625.7
1729,800,799.14,624.52
1730,800,799.14,623.34
1731,800,799.14,622.16
1732,800,799.14,620.98
1733,800,799.14,619.8
1734,800,799.14,618.62
1735,800,799.14,617.44
1736,800,799.14,616.26
1737,800,799.15,615.08
1738,800,799.15,613.9
1739,800,799.15,612.72
1740,800,799.15,611.54
1741,800,799.15,610.36
1742,800,799.15,609.18
1743,800,799.15,608
1744,800,799.15,606.82
1745,800,799.15,605.64
1746,800,799.15,604.46
1747,800,799.15,603.28
1748,800,799.15,602.1
1749,800,799.15,600.92
1750,800,799.15,599.74
1751,800,799.15,598.56
1752,800,799.15,597.38
1753,800,799.15,596.2
1754,800,799.15,595.02
1755,800,799.15,593.84
1756,800,799.15,592.66
1757,800,799.15,591.48
1758,800,799.15,590.3
1759,800,799.15,589.12
1760,800,799.15,587.94
1761,800,799.15,586.76
1762,800,799.15,585.58
1763,800,799.15,584.4
1764,800,799.15,583.22
1765,800,799.15,582.04
1766,800,799.15,580.86
1767,800,799.15,579.68
1768,800,799.15,578.5
1769,800,799.15,577.32
1770,800,799.15,576.14
1771,800,799.15,574.96
1772,800,799.16,573.78
1773,800,799.16,572.6
1774,800,799.16,571.42
1775,800,799.16,570.24
1776,800,799.16,569.06
1777,800,799.16,567.88
1778,800,799.16,566.7
1779,800,799.16,565.52
1780,800,799.16,564.34
1781,800,799.16,563.16
1782,800,799.16,561.98
1783,800,799.16,560.8
1784,800,799.16,559.62
1785,800,799.16,558.44
1786,800,799.16,557.26
1787,800,799.16,556.08
1788,800,799.16,554.9
1789,800,799.16,553.72
1790,800,799.16,552.54
1791,800,799.16,551.36
1792,800,799.16,550.18
1793,800,799.16,549
1794,800,799.16,547.82
1795,800,799.16,546.64
1796,800,799.16,545.46
1797,800,799.16,544.28
1798,800,799.16,543.1
1799,800,799.16,541.92
1800,800,799.16,540.74
1801,800,799.16,539.56
1802,800,799.16,538.38
1803,800,799.16,537.2
1804,800,799.16,536.02
1805,800,799.16,534.84
1806,800,799.16,533.66
1807,800,799.17,532.48
1808,800,799.17,531.3
1809,800,799.17,530.12
1810,800,799.17,528.94
1811,800,799.17,527.76
1812,800,799.17,526.58
1813,800,799.17,525.4
1814,800,799.17,524.22
1815,800,799.17,523.04
1816,800,799.17,521.86
1817,800,799.17,520.68
1818,800,799.17,519.5
1819,800,799.17,518.32
1820,800,799.17,517.14
1821,800,799.17,515.96
1822,800,799.17,514.78
1823,800,799.17,513.6
1824,800,799.17,512.42
1825,800,799.17,511.24
1826,800,799.17,510.06
1827,800,799.17,508.88
1828,800,799.17,507.7
1829,800,799.17,506.52
1830,800,799.17,505.34
1831,800,799.17,504.16
1832,800,799.17,502.98
1833,800,799.17,501.8
1834,800,799.17,500.62
1835,800,799.17,499.44
1836,800,799.17,498.26
1837,800,799.17,497.08
1838,800,799.17,495.9
1839,800,799.17,494.72
1840,800,799.17,493.54
1841,800,799.17,492.36
1842,800,799.18,491.18
1843,800,799.18,490
1844,800,799.18,488.82
1845,800,799.18,487.64
1846,800,799.18,486.46
1847,800,799.18,485.28
1848,800,799.18,484.1
1849,800,799.18,482.92
1850,800,799.18,481.74
1851,800,799.18,480.56
1852,800,799.18,479.38
1853,800,799.18,478.2
1854,800,799.18,477.02
1855,800,799.18,475.84
1856,800,799.18,474.66
1857,800,799.18,473.48
1858,800,799.18,472.3
1859,800,799.18,471.12
1860,800,799.18,469.94
1861,800,799.18,468.76
1862,800,799.18,467.58
1863,800,799.18,466.4
1864,800,799.18,465.22
1865,800,799.18,464.04
1866,800,799.18,462.86
1867,800,799.18,461.68
1868,800,799.18,460.5
1869,800,799.18,459.32
1870,800,799.18,458.14
1871,800,799.18,456.96
1872,800,799.18,455.78
1873,800,799.18,454.6
1874,800,799.18,453.42
1875,800,799.18,452.24
1876,800,799.18,451.06
1877,800,799.19,449.88
1878,800,799.19,448.7
1879,800,799.19,447.52
1880,800,799.19,446.34
1881,800,799.19,445.16
1882,800,799.19,443.98
1883,800,799.19,442.8
1884,800,799.19,441.62
1885,800,799.19,440.44
1886,800,799.19,439.26
1887,800,799.19,438.08
1888,800,799.19,436.9
1889,800,799.19,435.72
1890,800,799.19,434.54
1891,800,799.19,433.36
1892,800,799.19,432.18
1893,800,799.19,431
1894,800,799.19,429.82
1895,800,799.19,428.64
1896,800,799.19,427.46
1897,800,799.19,426.28
1898,800,799.19,425.1
1899,800,799.19,423.92
1900,800,799.19,422.74
1901,800,799.19,421.56
1902,800,799.19,420.38
1903,800,799.19,419.2
1904,800,799.19,418.02
1905,800,799.19,416.84
1906,800,799.19,415.66
1907,800,799.19,414.48
1908,800,799.19,413.3
1909,800,799.19,412.12
1910,800,799.19,410.94
1911,800,799.19,409.76
1912,800,799.19,408.58
1913,800,799.2,407.4
1914,800,799.2,406.22
1915,800,799.2,405.04
1916,800,799.2,403.86
1917,800,799.2,402.68
1918,800,799.2,401.5
1919,800,799.2,400.32
1920,800,799.2,399.14
1921,800,799.2,397.96
1922,800,799.2,396.78
1923,800,799.2,395.6
1924,800,799.2,394.42
1925,800,799.2,393.24
1926,800,799.2,392.06
1927,800,799.2,390.88
1928,800,799.2,389.7
1929,800,799.2,388.52
1930,800,799.2,387.34
1931,800,799.2,386.16
1932,800,799.2,384.98
1933,800,799.2,383.8
1934,800,799.2,382.62
1935,800,799.2,381.44
1936,800,799.2,380.26
1937,800,799.2,379.08
1938,800,799.2,377.9
1939,800,799.2,376.72
1940,800,799.2,375.54
1941,800,799.2,374.36
1942,800,799.2,373.18
1943,800,799.2,372
1944,800,799.2,370.82
1945,800,799.2,369.64
1946,800,799.2,368.46
1947,800,799.2,367.28
1948,800,799.2,366.1
1949,800,799.2,364.92
1950,800,799.21,363.74
1951,800,799.21,362.56
1952,800,799.21,361.38
1953,800,799.21,360.2
1954,800,799.21,359.02
1955,800,799.21,357.84
1956,800,799.21,356.66
1957,800,799.21,355.48
1958,800,799.21,354.3
1959,800,799.21,353.12
1960,800,799.21,351.94
1961,800,799.21,350.76
1962,800,799.21,349.58
1963,800,799.21,348.4
1964,800,799.21,347.22
1965,800,799.21,346.04
1966,800,799.21,344.86
1967,800,799.21,343.68
1968,800,799.21,342.5
1969,800,799.21,341.32
1970,800,799.21,340.14
1971,800,799.21,338.96
1972,800,799.21,337.78
1973,800,799.21,336.6
1974,800,799.21,335.42
1975,800,799.21,334.24
1976,800,799.21,333.06
1977,800,799.21,331.88
1978,800,799.21,330.7
1979,800,799.21,329.52
1980,800,799.21,328.34
1981,800,799.21,327.16
1982,800,799.21,325.98
1983,800,799.21,324.8
1984,800,799.21,323.62
1985,800,799.21,322.44
1986,800,799.21,321.26
1987,800,799.22,320.08
1988,800,799.22,318.9
1989,800,799.22,317.72
1990,800,799.22,316.54
1991,800,799.22,315.36
1992,800,799.22,314.18
1993,800,799.22,313
1994,800,799.22,311.82
1995,800,799.22,310.64
1996,800,799.22,309.46
1997,800,799.22,308.28
1998,800,799.22,307.1
1999,800,799.22,305.92
2000,800,799.22,304.74
