0,30.75,30.75
1,30.75,30.99
2,30.749,31
3,30.747,31.01
4,30.744,31.47
5,30.741,31.01
6,30.738,31.25
7,30.734,31.01
8,30.729,31.24
9,30.725,31.24
10,30.719,31.25
11,30.714,31.01
12,30.708,31.25
13,30.701,31.05
14,30.695,31.28
15,30.688,31.24
16,30.681,31.25
17,30.674,31.25
18,30.667,31.3
19,30.66,31.26
20,30.653,31.52
21,30.646,31.73
22,30.638,31.01
23,30.631,31.5
24,30.624,31.47
25,30.618,31.76
26,30.611,31.25
27,30.605,31.73
28,30.599,31.5
29,30.593,31.29
30,30.588,31.75
31,30.585,31.29
32,30.583,31.26
33,30.58,31.3
34,30.578,31.54
35,30.577,31.54
36,30.576,31.54
37,30.576,31.56
38,30.576,31.31
39,30.577,31.8
40,30.579,31.75
41,30.581,31.8
42,30.584,31.52
43,30.588,31.54
44,30.592,31.77
45,30.597,31.55
46,30.603,31.51
47,30.61,32.04
48,30.618,31.79
49,30.626,32
50,30.635,31.8
51,30.646,32.26
52,30.657,31.81
53,30.669,31.8
54,30.682,32
55,30.696,31.79
56,30.711,32.25
57,30.727,32
58,30.745,31.8
59,30.763,32.25
60,30.782,32.02
61,30.803,32.02
62,30.824,32.04
63,30.847,32.26
64,30.871,32.25
65,30.896,32.26
66,30.922,32.72
67,30.95,32.72
68,30.979,32.72
69,31.009,32.7
70,31.04,32.94
71,31.073,33.19
72,31.107,32.48
73,31.142,32.73
74,31.178,32.74
75,31.216,32.97
76,31.256,32.74
77,31.296,32.95
78,31.338,32.51
79,31.382,32.97
80,31.427,32.73
81,31.473,32.73
82,31.52,32.97
83,31.57,32.94
84,31.62,33.44
85,31.672,33.19
86,31.726,32.74
87,31.781,32.94
88,31.837,32.99
89,31.895,33.2
90,31.955,32.98
91,32.016,33.2
92,32.079,32.74
93,32.143,32.98
94,32.209,33.44
95,32.276,32.98
96,32.345,33.47
97,32.415,33.22
98,32.487,33.44
99,32.561,33.22
100,32.636,33.45
101,32.713,33.48
102,32.791,33.48
103,32.871,34.17
104,32.953,33.48
105,33.036,33.7
106,33.121,33.47
107,33.208,33.7
108,33.296,33.94
109,33.386,33.69
110,33.478,33.69
111,33.571,33.7
112,33.666,33.73
113,33.762,33.94
114,33.86,34.42
115,33.96,34.42
116,34.062,34.9
117,34.165,34.9
118,34.27,34.69
119,34.376,34.91
120,34.485,34.69
121,34.595,35.38
122,34.706,35.41
123,34.82,35.62
124,34.935,35.16
125,35.051,35.14
126,35.17,35.18
127,35.29,35.39
128,35.412,34.93
129,35.535,35.63
130,35.661,35.87
131,35.787,35.88
132,35.916,35.41
133,36.046,35.39
134,36.178,35.63
135,36.312,35.89
136,36.447,36.12
137,36.584,35.89
138,36.723,36.13
139,36.864,36.41
140,37.006,36.38
141,37.15,36.14
142,37.295,36.35
143,37.442,36.37
144,37.591,36.84
145,37.742,36.84
146,37.894,36.41
147,38.048,37.33
148,38.203,36.63
149,38.361,36.85
150,38.519,37.34
151,38.68,37.11
152,38.842,37.34
153,39.006,37.1
154,39.172,37.34
155,39.339,37.33
156,39.507,37.35
157,39.678,37.81
158,39.85,37.8
159,40.024,37.82
160,40.199,37.81
161,40.376,37.56
162,40.554,38.06
163,40.734,38.07
164,40.916,38.77
165,41.1,38.09
166,41.285,38.3
167,41.471,38.3
168,41.659,38.54
169,41.849,39
170,42.04,39.03
171,42.233,39.01
172,42.427,38.77
173,42.623,38.78
174,42.821,39.01
175,43.02,39.5
176,43.22,39.72
177,43.423,39.5
178,43.626,39.97
179,43.831,40.21
180,44.038,39.94
181,44.246,40.21
182,44.456,40.71
183,44.667,40.94
184,44.88,40.46
185,45.094,40.73
186,45.31,40.94
187,45.527,40.93
188,45.745,40.94
189,45.965,40.94
190,46.187,41.19
191,46.409,41.19
192,46.634,41.43
193,46.86,41.91
194,47.087,42.14
195,47.315,42.62
196,47.545,42.62
197,47.776,42.85
198,48.009,42.85
199,48.243,43.08
200,48.479,43.33
201,48.716,43.09
202,48.954,43.55
203,49.193,43.79
204,49.434,44.03
205,49.676,44.05
206,49.92,44.27
207,50.165,44.52
208,50.411,44.75
209,50.658,44.28
210,50.907,45.22
211,51.157,44.75
212,51.408,45.23
213,51.661,45.7
214,51.915,45.7
215,52.17,45.47
216,52.426,46.41
217,52.684,46.19
218,52.942,46.66
219,53.202,46.91
220,53.463,46.88
221,53.726,46.88
222,53.989,47.12
223,54.254,47.14
224,54.52,47.58
225,54.787,47.85
226,55.055,48.08
227,55.325,47.87
228,55.595,48.33
229,55.867,48.35
230,56.139,48.59
231,56.413,48.6
232,56.688,49.05
233,56.964,49.06
234,57.242,49.06
235,57.52,50.23
236,57.799,50.04
237,58.079,50
238,58.361,50.28
239,58.643,50.74
240,58.927,50.75
241,59.211,50.98
242,59.497,51.68
243,59.783,51.93
244,60.071,52.17
245,60.359,52.19
246,60.649,52.41
247,60.939,52.89
248,61.231,52.41
249,61.523,53.13
250,61.816,53.59
251,62.111,53.35
252,62.406,53.84
253,62.702,54.08
254,62.999,53.84
255,63.297,54.32
256,63.596,54.32
257,63.896,54.8
258,64.196,55.05
259,64.498,55.51
260,64.8,55.53
261,65.103,55.77
262,65.407,56.02
263,65.712,56.23
264,66.018,56.24
265,66.324,56.72
266,66.632,56.97
267,66.94,56.96
268,67.249,56.95
269,67.558,57.44
270,67.869,58.17
271,68.18,58.41
272,68.492,58.43
273,68.805,58.91
274,69.118,59.14
275,69.432,59.14
276,69.747,59.62
277,70.063,60.1
278,70.379,59.87
279,70.697,59.87
280,71.014,60.59
281,71.333,61.05
282,71.652,61.05
283,71.972,61.05
284,72.292,61.55
285,72.613,61.53
286,72.935,62.01
287,73.258,61.8
288,73.581,62.5
289,73.904,63
290,74.229,63.46
291,74.554,63.46
292,74.879,63.73
293,75.205,63.95
294,75.532,64.43
295,75.859,64.42
296,76.187,64.65
297,76.515,64.9
298,76.844,64.91
299,77.174,65.85
300,77.504,66.11
301,77.834,66.59
302,78.165,66.82
303,78.497,66.83
304,78.829,67.07
305,79.162,67.55
306,79.495,68.03
307,79.828,68.74
308,80.162,68.52
309,80.497,68.53
310,80.832,69.01
311,81.167,69.49
312,81.503,69.48
313,81.84,69.5
314,82.177,70.22
315,82.514,70.46
316,82.851,70.92
317,83.19,71.17
318,83.528,71.4
319,83.867,71.41
320,84.206,71.41
321,84.546,72.15
322,84.886,72.14
323,85.227,72.62
324,85.567,73.59
325,85.909,73.83
326,86.25,73.85
327,86.592,73.85
328,86.934,74.3
329,87.277,75.51
330,87.62,74.8
331,87.963,75.55
332,88.307,75.53
333,88.651,75.55
334,88.995,76.04
335,89.339,76.28
336,89.684,77.46
337,90.029,76.76
338,90.375,77.49
339,90.72,77.47
340,91.066,78.43
341,91.412,78.68
342,91.759,78.92
343,92.106,79.16
344,92.453,79.18
345,92.8,79.65
346,93.147,80.85
347,93.495,80.14
348,93.843,80.38
349,94.191,81.12
350,94.54,81.37
351,94.888,81.63
352,95.237,82.09
353,95.586,82.58
354,95.935,82.81
355,96.285,83.29
356,96.634,84.26
357,96.984,84.74
358,97.334,84.02
359,97.684,84.52
360,98.034,84.25
361,98.385,85.23
362,98.736,85.22
363,99.086,85.7
364,99.437,86.18
365,99.788,86.65
366,100.14,87.15
367,100.49,87.39
368,100.84,87.39
369,101.19,87.65
370,101.55,87.89
371,101.9,88.6
372,102.25,88.86
373,102.6,89.34
374,102.95,89.57
375,103.31,89.82
376,103.66,90.04
377,104.01,90.57
378,104.36,90.77
379,104.72,91.05
380,105.07,91.74
381,105.42,92.02
382,105.77,92.25
383,106.13,92.52
384,106.48,93.01
385,106.83,93.24
386,107.19,93.27
387,107.54,93.96
388,107.89,94.68
389,108.25,94.45
390,108.6,95.64
391,108.95,96.12
392,109.31,96.13
393,109.66,97.13
394,110.01,96.86
395,110.37,97.11
396,110.72,97.11
397,111.07,97.82
398,111.43,98.08
399,111.78,98.35
400,112.13,98.78
401,112.49,99.54
402,112.84,99.29
403,113.19,99.77
404,113.55,101.23
405,113.9,100.28
406,114.26,100.5
407,114.61,101.01
408,114.96,101.24
409,115.32,101.96
410,115.67,102.44
411,116.02,102.43
412,116.38,102.95
413,116.73,103.42
414,117.08,103.42
415,117.44,104.4
416,117.79,103.93
417,118.14,104.9
418,118.5,105.38
419,118.85,105.38
420,119.2,105.86
421,119.56,106.11
422,119.91,106.59
423,120.26,107.08
424,120.61,107.57
425,120.97,107.81
426,121.32,108.31
427,121.67,108.54
428,122.02,108.8
429,122.38,109.53
430,122.73,109.78
431,123.08,110.25
432,123.43,110.75
433,123.79,111.02
434,124.14,111.97
435,124.49,111.5
436,124.84,111.48
437,125.2,112.25
438,125.55,112.95
439,125.9,112.97
440,126.25,113.45
441,126.6,114.22
442,126.95,114.43
443,127.31,114.68
444,127.66,115.17
445,128.01,115.21
446,128.36,115.67
447,128.71,115.9
448,129.06,115.92
449,129.41,116.39
450,129.76,116.93
451,130.11,117.64
452,130.46,117.65
453,130.81,117.91
454,131.16,118.12
455,131.51,119.39
456,131.86,119.09
457,132.21,120.07
458,132.56,119.58
459,132.91,120.56
460,133.26,120.34
461,133.61,121.3
462,133.96,122.76
463,134.31,121.54
464,134.66,122.52
465,135.01,122.51
466,135.36,123
467,135.71,123.01
468,136.06,123.24
469,136.4,123.49
470,136.75,123.98
471,137.1,124.48
472,137.45,124.97
473,137.8,125.68
474,138.15,125.7
475,138.49,125.97
476,138.84,126.48
477,139.19,126.91
478,139.54,127.17
479,139.88,127.91
480,140.23,127.91
481,140.58,128.4
482,140.92,129.13
483,141.27,129.38
484,141.62,129.66
485,141.96,129.62
486,142.31,130.38
487,142.66,130.62
488,143,130.86
489,143.35,131.12
490,143.69,131.61
491,144.04,131.84
492,144.38,132.1
493,144.73,132.59
494,145.07,133.08
495,145.42,133.81
496,145.76,134.3
497,146.11,134.54
498,146.45,134.8
499,146.8,134.8
500,147.14,135.28
501,147.49,135.54
502,147.83,136.27
503,148.17,136.26
504,148.52,136.76
505,148.86,137.26
506,149.21,137.53
507,149.55,138.01
508,149.89,138.01
509,150.24,138.52
510,150.58,139.01
511,150.93,139.01
512,151.27,139.51
513,151.62,139.52
514,151.96,140.2
515,152.31,140.51
516,152.66,140.95
517,153,141.23
518,153.35,141.23
519,153.7,141.95
520,154.05,142.7
521,154.39,142.73
522,154.74,142.69
523,155.09,143.66
524,155.44,144.18
525,155.78,144.65
526,156.13,144.67
527,156.48,145.13
528,156.82,145.15
529,157.17,146.14
530,157.52,145.87
531,157.86,146.14
532,158.21,147.35
533,158.55,147.1
534,158.9,148.1
535,159.24,147.59
536,159.59,147.84
537,159.93,148.37
538,160.27,148.84
539,160.62,149.1
540,160.96,149.56
541,161.3,149.82
542,161.64,150.07
543,161.98,150.08
544,162.32,150.81
545,162.66,151.05
546,163,151.58
547,163.33,151.84
548,163.67,152.04
549,164,152.78
550,164.34,153.27
551,164.67,153.04
552,165.01,153.28
553,165.34,153.77
554,165.67,154.5
555,166,155.01
556,166.33,154.99
557,166.65,155.23
558,166.98,155.98
559,167.31,156.95
560,167.63,156.46
561,167.96,156.94
562,168.28,156.95
563,168.6,157.21
564,168.92,157.48
565,169.24,157.98
566,169.56,158.21
567,169.87,158.44
568,170.19,159.2
569,170.5,159.2
570,170.81,159.68
571,171.12,159.95
572,171.43,160.44
573,171.74,161.17
574,172.05,161.18
575,172.36,161.66
576,172.66,162.17
577,172.96,162.17
578,173.27,162.67
579,173.57,162.95
580,173.86,163.4
581,174.16,164.39
582,174.46,163.69
583,174.75,164.4
584,175.04,164.88
585,175.34,164.65
586,175.63,164.65
587,175.91,165.14
588,176.2,165.39
589,176.49,165.64
590,176.77,166.38
591,177.05,166.65
592,177.33,167.12
593,177.61,167.13
594,177.89,167.87
595,178.16,167.88
596,178.44,168.12
597,178.71,168.64
598,178.98,168.83
599,179.25,169.31
600,179.52,169.57
601,179.78,169.31
602,180.05,170.06
603,180.31,170.55
604,180.57,171.3
605,180.83,170.79
606,181.09,171.53
607,181.34,171.3
608,181.6,171.55
609,181.85,172.01
610,182.1,172.52
611,182.35,173.27
612,182.6,173.03
613,182.84,173.3
614,183.08,173.3
615,183.33,174.03
616,183.57,174.29
617,183.8,174.28
618,184.04,174.8
619,184.28,175.26
620,184.51,175.76
621,184.74,175.77
622,184.97,175.77
623,185.2,176.28
624,185.42,177.5
625,185.65,177.02
626,185.87,177.25
627,186.09,177.24
628,186.31,177.75
629,186.53,177.5
630,186.74,178.01
631,186.95,178.24
632,187.17,179.24
633,187.38,179.49
634,187.58,179.02
635,187.79,179.24
636,187.99,179.27
637,188.2,180.04
638,188.4,179.52
639,188.6,180.23
640,188.79,180.52
641,188.99,180.74
642,189.18,180.76
643,189.38,181.01
644,189.57,181.48
645,189.76,181.23
646,189.94,181.25
647,190.13,181.73
648,190.31,182
649,190.49,182.74
650,190.67,182.49
651,190.85,182.96
652,191.02,183.95
653,191.2,183.47
654,191.37,183.69
655,191.54,183.94
656,191.71,184.2
657,191.87,184.94
658,192.04,184.72
659,192.2,184.93
660,192.36,184.71
661,192.52,185.19
662,192.68,185.23
663,192.84,185.46
664,192.99,185.7
665,193.15,185.94
666,193.3,185.94
667,193.45,186.2
668,193.6,186.45
669,193.74,186.93
670,193.89,186.67
671,194.03,187.21
672,194.17,187.92
673,194.31,187.43
674,194.45,187.44
675,194.59,187.93
676,194.72,187.69
677,194.86,188.19
678,194.99,188.42
679,195.12,188.71
680,195.25,188.68
681,195.38,189.18
682,195.5,189.2
683,195.63,189.44
684,195.75,189.44
685,195.87,189.43
686,195.99,189.2
687,196.11,189.68
688,196.23,189.93
689,196.34,190.19
690,196.46,190.19
691,196.57,189.48
692,196.68,190.68
693,196.79,190.68
694,196.9,190.93
695,197.01,191.4
696,197.12,190.94
697,197.22,191.43
698,197.33,191.43
699,197.43,191.2
700,197.53,191.67
701,197.63,191.93
702,197.73,191.94
703,197.82,192.18
704,197.92,192.68
705,198.01,192.44
706,198.11,192.44
707,198.2,192.91
708,198.29,192.68
709,198.38,193.17
710,198.47,192.92
711,198.56,192.92
712,198.64,193.91
713,198.73,193.15
714,198.81,193.39
715,198.89,193.93
716,198.97,193.67
717,199.05,193.67
718,199.13,194.4
719,199.21,193.47
720,199.28,194.17
721,199.36,194.39
722,199.43,194.68
723,199.51,193.92
724,199.58,194.4
725,199.65,194.91
726,199.72,194.42
727,199.79,194.66
728,199.85,194.91
729,199.92,194.9
730,199.98,194.91
731,200.05,195.67
732,200.11,194.66
733,200.17,195.37
734,200.23,196.38
735,200.29,195.64
736,200.35,195.89
737,200.41,196.13
738,200.47,196.12
739,200.52,195.87
740,200.58,196.38
741,200.63,196.37
742,200.69,196.4
743,200.74,195.89
744,200.79,196.63
745,200.84,196.86
746,200.89,196.89
747,200.93,197.15
748,200.98,197.15
749,201.03,196.93
750,201.07,197.38
751,201.12,196.86
752,201.16,197.4
753,201.2,196.93
754,201.24,196.67
755,201.28,197.42
756,201.32,197.62
757,201.36,197.42
758,201.4,197.4
759,201.44,196.95
760,201.47,197.44
761,201.51,197.93
762,201.54,197.44
763,201.58,197.22
764,201.61,197.46
765,201.64,197.44
766,201.67,197.98
767,201.7,197.92
768,201.73,197.45
769,201.76,198.17
770,201.79,198.15
771,201.81,197.72
772,201.84,198.66
773,201.86,198.4
774,201.89,198.44
775,201.91,198.44
776,201.93,198.43
777,201.95,198.19
778,201.97,198.65
779,201.99,198.92
780,202.01,198.18
781,202.03,199.16
782,202.05,198.91
783,202.07,198.67
784,202.08,199.16
785,202.1,199.16
786,202.11,198.69
787,202.13,198.66
788,202.14,198.89
789,202.16,198.66
790,202.17,198.93
791,202.18,199.17
792,202.19,199.64
793,202.2,199.4
794,202.21,199.17
795,202.22,199.17
796,202.23,199.44
797,202.24,199.66
798,202.25,198.97
799,202.25,199.44
800,202.26,199.9
801,202.27,199.21
802,202.27,199.47
803,202.28,199.94
804,202.28,199.48
805,202.29,199.19
806,202.29,199.96
807,202.29,200.18
808,202.3,199.95
809,202.3,199.96
810,202.3,199.96
811,202.3,199.96
812,202.3,200.44
813,202.3,199.96
814,202.3,200.2
815,202.3,200.21
816,202.3,200.43
817,202.3,200.48
818,202.3,199.74
819,202.29,199.99
820,202.29,199.73
821,202.29,200.73
822,202.29,200.44
823,202.28,200.46
824,202.28,200.22
825,202.27,200.43
826,202.27,200.7
827,202.26,200.43
828,202.26,200.72
829,202.25,200.2
830,202.24,200.47
831,202.24,200.97
832,202.23,200.7
833,202.22,200.2
834,202.22,199.98
835,202.21,200.2
836,202.2,200.7
837,202.19,200.68
838,202.18,200.46
839,202.17,200.25
840,202.16,200.2
841,202.15,200.94
842,202.14,200.43
843,202.13,200.22
844,202.12,200.46
845,202.11,200.7
846,202.1,201.17
847,202.09,201.45
848,202.08,200.69
849,202.06,199.74
850,202.05,200.5
851,202.04,200.69
852,202.03,201.45
853,202.01,200.94
854,202,200.24
855,201.99,200.21
856,201.97,200.42
857,201.96,200.95
858,201.94,200.2
859,201.93,200.46
860,201.91,200.7
861,201.9,200.44
862,201.88,200.2
863,201.87,200.94
864,201.85,199.96
865,201.84,200.47
866,201.82,200.95
867,201.81,200.24
868,201.79,201.43
869,201.77,200.44
870,201.76,201.93
871,201.74,200.47
872,201.72,200.74
873,201.71,200.48
874,201.69,200.48
875,201.67,201.2
876,201.65,200.21
877,201.63,200.22
878,201.62,200.95
879,201.6,200.51
880,201.58,200.72
881,201.56,200.47
882,201.54,201.43
883,201.52,200
884,201.5,200.24
885,201.49,200.93
886,201.47,200.22
887,201.45,200.72
888,201.43,200.7
889,201.41,200.5
890,201.39,200.48
891,201.37,200.68
892,201.35,200.72
893,201.33,200.7
894,201.31,199.99
895,201.29,200.22
896,201.26,199.96
897,201.24,199.98
898,201.22,200.2
899,201.2,200.22
900,201.18,200.93
901,201.16,200.47
902,201.14,200.2
903,201.12,200.2
904,201.09,200.69
905,201.07,200.69
906,201.05,200.65
907,201.03,200.69
908,201.01,200.43
909,200.98,200.24
910,200.96,200.21
911,200.94,200.72
912,200.92,200.47
913,200.89,199.98
914,200.87,200.44
915,200.85,200.95
916,200.83,200.21
917,200.8,200.46
918,200.78,200.48
919,200.76,199.99
920,200.73,200.24
921,200.71,200.44
922,200.69,199.74
923,200.66,200.48
924,200.64,199.77
925,200.62,200.97
926,200.59,200
927,200.57,200
928,200.55,200.5
929,200.52,200.24
930,200.5,200.46
931,200.47,199.77
932,200.45,200
933,200.43,200
934,200.4,200.5
935,200.38,200.01
936,200.35,200.24
937,200.33,200.25
938,200.3,200
939,200.28,200.01
940,200.25,199.77
941,200.23,200.26
942,200.2,200.05
943,200.18,200.31
944,200.15,200.29
945,200.13,200.27
946,200.1,200.03
947,200.08,199.78
948,200.05,199.05
949,200.03,199.82
950,200,199.31
951,199.98,199.55
952,199.95,199.56
953,199.93,200.3
954,199.9,199.35
955,199.88,199.31
956,199.85,200.09
957,199.83,199.34
958,199.8,199.06
959,199.77,199.34
960,199.75,199.09
961,199.72,199.05
962,199.7,199.57
963,199.67,199.31
964,199.64,199.58
965,199.62,199.09
966,199.59,199.57
967,199.57,199.58
968,199.54,198.85
969,199.51,199.34
970,199.49,199.09
971,199.46,199.08
972,199.44,199.09
973,199.41,199.82
974,199.38,199.09
975,199.36,199.81
976,199.33,199.34
977,199.3,199.35
978,199.28,199.35
979,199.25,199.1
980,199.22,199.35
981,199.19,198.91
982,199.17,199.38
983,199.14,199.35
984,199.11,198.88
985,199.09,198.61
986,199.06,199.6
987,199.03,198.65
988,199,199.61
989,198.98,199.1
990,198.95,199.12
991,198.92,198.87
992,198.89,199.61
993,198.87,199.09
994,198.84,198.62
995,198.81,198.63
996,198.78,199.32
997,198.76,198.35
998,198.73,198.36
999,198.7,198.87
1000,198.67,198.85
1001,198.65,198.84
1002,198.62,198.91
1003,198.59,198.39
1004,198.56,198.87
1005,198.54,198.89
1006,198.51,198.62
1007,198.48,198.62
1008,198.45,198.4
1009,198.43,198.63
1010,198.4,198.39
1011,198.37,198.87
1012,198.35,198.88
1013,198.32,198.85
1014,198.29,198.62
1015,198.26,198.62
1016,198.24,198.87
1017,198.21,198.4
1018,198.18,198.63
1019,198.16,198.65
1020,198.13,198.88
1021,198.1,198.4
1022,198.08,198.63
1023,198.05,198.45
1024,198.02,198.66
1025,198,198.67
1026,197.97,198.19
1027,197.94,198.7
1028,197.92,197.71
1029,197.89,197.75
1030,197.86,198.41
1031,197.84,198.19
1032,197.81,198.7
1033,197.79,198.42
1034,197.76,198.66
1035,197.74,198.67
1036,197.71,198.41
1037,197.68,198.4
1038,197.66,198.16
1039,197.63,198.16
1040,197.61,198.65
1041,197.58,197.94
1042,197.56,198.66
1043,197.54,198.65
1044,197.51,197.93
1045,197.49,198.2
1046,197.46,198.65
1047,197.44,198.19
1048,197.41,198.67
1049,197.39,198.7
1050,197.37,197.7
1051,197.34,198.2
1052,197.32,197.92
1053,197.3,197.71
1054,197.27,198.44
1055,197.25,197.93
1056,197.23,198.18
1057,197.2,198.18
1058,197.18,198.44
1059,197.16,198.19
1060,197.14,198.18
1061,197.11,199.15
1062,197.09,197.92
1063,197.07,197.93
1064,197.05,198.16
1065,197.03,197.71
1066,197.01,198.42
1067,196.98,197.96
1068,196.96,197.21
1069,196.94,197.94
1070,196.92,198.18
1071,196.9,197.94
1072,196.88,197.92
1073,196.86,198.2
1074,196.84,197.46
1075,196.82,198.16
1076,196.8,198.16
1077,196.78,197.97
1078,196.76,197.49
1079,196.74,197.7
1080,196.72,197.97
1081,196.71,197.94
1082,196.69,197.73
1083,196.67,197.97
1084,196.65,197.97
1085,196.63,198.22
1086,196.62,198.22
1087,196.6,197.98
1088,196.58,197.97
1089,196.56,198.23
1090,196.55,197.72
1091,196.53,198.45
1092,196.51,197.98
1093,196.5,198.23
1094,196.48,198.46
1095,196.46,197.5
1096,196.45,197.76
1097,196.43,197.75
1098,196.42,197.75
1099,196.4,197.73
1100,196.39,197.98
1101,196.37,198.48
1102,196.36,198.02
1103,196.34,197.98
1104,196.33,197.98
1105,196.32,197.96
1106,196.3,198.19
1107,196.29,197.72
1108,196.28,197.7
1109,196.26,198.45
1110,196.25,198.46
1111,196.24,198.44
1112,196.22,197.99
1113,196.21,197.72
1114,196.2,197.96
1115,196.19,197.94
1116,196.18,198.01
1117,196.17,197.72
1118,196.15,198.69
1119,196.14,197.96
1120,196.13,198.18
1121,196.12,198.2
1122,196.11,197.75
1123,196.1,197.96
1124,196.09,198.2
1125,196.08,197.73
1126,196.07,198.22
1127,196.07,197.49
1128,196.06,197.75
1129,196.05,197.71
1130,196.04,198.2
1131,196.03,197.75
1132,196.02,197.72
1133,196.02,197.71
1134,196.01,197.73
1135,196,198.2
1136,195.99,198.18
1137,195.99,197.73
1138,195.98,197.97
1139,195.97,198.44
1140,195.97,197.75
1141,195.96,197.73
1142,195.96,197.76
1143,195.95,197.72
1144,195.95,197.73
1145,195.94,197.5
1146,195.94,197.75
1147,195.93,198.23
1148,195.93,197.99
1149,195.92,197.53
1150,195.92,198.48
1151,195.92,197.98
1152,195.91,198.01
1153,195.91,198.01
1154,195.91,198.05
1155,195.9,197.76
1156,195.9,198.24
1157,195.9,198.02
1158,195.9,197.79
1159,195.89,198.28
1160,195.89,198.27
1161,195.89,197.76
1162,195.89,197.79
1163,195.89,198.01
1164,195.89,197.79
1165,195.89,198.75
1166,195.89,198.24
1167,195.89,198.27
1168,195.89,198.05
1169,195.89,198.54
1170,195.89,198.29
1171,195.89,197.83
1172,195.89,198.5
1173,195.89,198.26
1174,195.89,198.76
1175,195.89,198.02
1176,195.9,198.72
1177,195.9,197.77
1178,195.9,198.74
1179,195.9,199
1180,195.91,198.74
1181,195.91,197.76
1182,195.91,198.26
1183,195.92,198.49
1184,195.92,198.48
1185,195.92,198.23
1186,195.93,198.24
1187,195.93,198.01
1188,195.94,198.22
1189,195.94,199.21
1190,195.95,198.46
1191,195.95,198.03
1192,195.96,198.24
1193,195.96,198.2
1194,195.97,198.71
1195,195.97,199.44
1196,195.98,198.7
1197,195.99,198.49
1198,195.99,198.98
1199,196,198.96
1200,196.01,198.76
1201,196.01,199.24
1202,196.02,198.5
1203,196.03,198.27
1204,196.04,198.27
1205,196.04,198.49
1206,196.05,198.5
1207,196.06,198.01
1208,196.07,198.5
1209,196.08,198.76
1210,196.09,199.48
1211,196.1,198.26
1212,196.11,198.5
1213,196.11,198.76
1214,196.12,198.98
1215,196.13,198.49
1216,196.14,198.52
1217,196.15,198.53
1218,196.17,198.28
1219,196.18,199.75
1220,196.19,199.01
1221,196.2,199.23
1222,196.21,198.53
1223,196.22,199.26
1224,196.23,199.28
1225,196.24,199.8
1226,196.25,199.75
1227,196.27,199
1228,196.28,198.31
1229,196.29,199
1230,196.3,199.04
1231,196.32,199.04
1232,196.33,198.76
1233,196.34,199.27
1234,196.36,198.32
1235,196.37,199.28
1236,196.38,199.06
1237,196.4,198.8
1238,196.41,198.79
1239,196.42,199.05
1240,196.44,200.06
1241,196.45,199.75
1242,196.47,199.51
1243,196.48,198.79
1244,196.5,199.52
1245,196.51,198.8
1246,196.53,199.52
1247,196.54,199.99
1248,196.56,198.82
1249,196.57,199.77
1250,196.59,200
1251,196.6,199.05
1252,196.62,199.52
1253,196.64,199.53
1254,196.65,199.77
1255,196.67,199.54
1256,196.69,200.03
1257,196.7,199.28
1258,196.72,200.04
1259,196.74,199.34
1260,196.75,199.04
1261,196.77,199.27
1262,196.79,199.54
1263,196.81,199.05
1264,196.82,199.54
1265,196.84,199.99
1266,196.86,199.24
1267,196.88,199.77
1268,196.89,199.51
1269,196.91,199.48
1270,196.93,199.26
1271,196.95,199.01
1272,196.97,199.51
1273,196.99,199.26
1274,197,199.51
1275,197.02,199.97
1276,197.04,199.52
1277,197.06,200.47
1278,197.08,199.75
1279,197.1,199.75
1280,197.12,199.97
1281,197.14,199.74
1282,197.16,200.48
1283,197.18,200.22
1284,197.2,199.97
1285,197.22,200.22
1286,197.24,199.97
1287,197.26,200.21
1288,197.28,200.21
1289,197.3,199.74
1290,197.32,199.27
1291,197.34,198.8
1292,197.36,198.33
1293,197.38,197.86
1294,197.4,197.39
1295,197.42,196.92
1296,197.44,196.45
1297,197.46,195.98
1298,197.48,195.51
1299,197.51,195.04
1300,197.53,194.57
1301,197.55,194.1
1302,197.57,193.63
1303,197.59,193.16
1304,197.61,192.69
1305,197.63,192.22
1306,197.65,191.75
1307,197.68,191.28
1308,197.7,190.81
1309,197.72,190.34
1310,197.74,189.87
1311,197.76,189.4
1312,197.79,188.93
1313,197.81,188.46
1314,197.83,187.99
1315,197.85,187.52
1316,197.87,187.05
1317,197.9,186.58
1318,197.92,186.11
1319,197.94,185.64
1320,197.96,185.17
1321,197.98,184.7
1322,198.01,184.23
1323,198.03,183.76
1324,198.05,183.29
1325,198.07,182.82
1326,198.1,182.35
1327,198.12,181.88
1328,198.14,181.41
1329,198.16,180.94
1330,198.19,180.47
1331,198.21,180
1332,198.23,179.53
1333,198.25,179.06
1334,198.28,178.59
1335,198.3,178.12
1336,198.32,177.65
1337,198.35,177.18
1338,198.37,176.71
1339,198.39,176.24
1340,198.41,175.77
1341,198.44,175.3
1342,198.46,174.83
1343,198.48,174.36
1344,198.5,173.89
1345,198.53,173.42
1346,198.55,172.95
1347,198.57,172.48
1348,198.6,172.01
1349,198.62,171.54
1350,198.64,171.07
1351,198.66,170.6
1352,198.69,170.13
1353,198.71,169.66
1354,198.73,169.19
1355,198.76,168.72
1356,198.78,168.25
1357,198.8,167.78
1358,198.82,167.31
1359,198.85,166.84
1360,198.87,166.37
1361,198.89,165.9
1362,198.91,165.43
1363,198.94,164.96
1364,198.96,164.49
1365,198.98,164.02
1366,199.01,163.55
1367,199.03,163.08
1368,199.05,162.61
1369,199.07,162.14
1370,199.1,161.67
1371,199.12,161.2
1372,199.14,160.73
1373,199.16,160.26
1374,199.18,159.79
1375,199.21,159.32
1376,199.23,158.85
1377,199.25,158.38
1378,199.27,157.91
1379,199.3,157.44
1380,199.32,156.97
1381,199.34,156.5
1382,199.36,156.03
1383,199.38,155.56
1384,199.41,155.09
1385,199.43,154.62
1386,199.45,154.15
1387,199.47,153.68
1388,199.49,153.21
1389,199.51,152.74
1390,199.54,152.27
1391,199.56,151.8
1392,199.58,151.33
1393,199.6,150.86
1394,199.62,150.39
1395,199.64,149.92
1396,199.66,149.45
1397,199.69,148.98
1398,199.71,148.51
1399,199.73,148.04
1400,199.75,147.57
1401,199.77,147.1
1402,199.79,146.63
1403,199.81,146.16
1404,199.83,145.69
1405,199.85,145.22
1406,199.87,144.75
1407,199.89,144.28
1408,199.91,143.81
1409,199.93,143.34
1410,199.96,142.87
1411,199.98,142.4
1412,200,141.93
1413,200.02,141.46
1414,200.04,140.99
1415,200.06,140.52
1416,200.08,140.05
1417,200.09,139.58
1418,200.11,139.11
1419,200.13,138.64
1420,200.15,138.17
1421,200.17,137.7
1422,200.19,137.23
1423,200.21,136.76
1424,200.23,136.29
1425,200.25,135.82
1426,200.27,135.35
1427,200.29,134.88
1428,200.31,134.41
1429,200.32,133.94
1430,200.34,133.47
1431,200.36,133
1432,200.38,132.53
1433,200.4,132.06
1434,200.42,131.59
1435,200.43,131.12
1436,200.45,130.65
1437,200.47,130.18
1438,200.49,129.71
1439,200.5,129.24
1440,200.52,128.77
1441,200.54,128.3
1442,200.56,127.83
1443,200.57,127.36
1444,200.59,126.89
1445,200.61,126.42
1446,200.62,125.95
1447,200.64,125.48
1448,200.66,125.01
1449,200.67,124.54
1450,200.69,124.07
1451,200.71,123.6
1452,200.72,123.13
1453,200.74,122.66
1454,200.75,122.19
1455,200.77,121.72
1456,200.79,121.25
1457,200.8,120.78
1458,200.82,120.31
1459,200.83,119.84
1460,200.85,119.37
1461,200.86,118.9
1462,200.88,118.43
1463,200.89,117.96
1464,200.91,117.49
1465,200.92,117.02
1466,200.94,116.55
1467,200.95,116.08
1468,200.96,115.61
1469,200.98,115.14
1470,200.99,114.67
1471,201.01,114.2
1472,201.02,113.73
1473,201.03,113.26
1474,201.05,112.79
1475,201.06,112.32
1476,201.07,111.85
1477,201.09,111.38
1478,201.1,110.91
1479,201.11,110.44
1480,201.13,109.97
1481,201.14,109.5
1482,201.15,109.03
1483,201.16,108.56
1484,201.18,108.09
1485,201.19,107.62
1486,201.2,107.15
1487,201.21,106.68
1488,201.22,106.21
1489,201.23,105.74
1490,201.25,105.27
1491,201.26,104.8
1492,201.27,104.33
1493,201.28,103.86
1494,201.29,103.39
1495,201.3,102.92
1496,201.31,102.45
1497,201.32,101.98
1498,201.33,101.51
1499,201.34,101.04
1500,201.35,100.57
