0,200,200,200.7
1,200.8,200.01,200.21
2,201.6,200.03,200.46
3,202.4,200.07,200.47
4,203.2,200.12,200.22
5,204,200.19,199.97
6,204.8,200.28,199.97
7,205.6,200.39,199.97
8,206.4,200.51,199.73
9,207.2,200.65,200.21
10,208,200.8,199.74
11,208.8,200.97,199.95
12,209.6,201.16,199.99
13,210.4,201.37,199.97
14,211.2,201.6,200.25
15,212,201.84,200.01
16,212.8,202.1,200.23
17,213.6,202.38,200.23
18,214.4,202.68,200.49
19,215.2,202.99,200.25
20,216,203.32,200.49
21,216.8,203.67,200.74
22,217.6,204.04,200.99
23,218.4,204.42,200.74
24,219.2,204.82,200.51
25,220,205.23,200.74
26,220.8,205.67,201.25
27,221.6,206.11,201.26
28,222.4,206.58,202.02
29,223.2,207.06,202.04
30,224,207.55,201.77
31,224.8,208.07,201.52
32,225.6,208.59,202.24
33,226.4,209.13,202.5
34,227.2,209.69,202.5
35,228,210.26,202.73
36,228.8,210.84,202.79
37,229.6,211.44,203.24
38,230.4,212.05,203.24
39,231.2,212.68,204.73
40,232,213.31,204.22
41,232.8,213.96,204.71
42,233.6,214.62,205
43,234.4,215.3,205.48
44,235.2,215.98,205.47
45,236,216.68,205.47
46,236.8,217.38,206.22
47,237.6,218.1,206.47
48,238.4,218.83,207.7
49,239.2,219.57,207.23
50,240,220.31,208.45
51,240.8,221.07,208.2
52,241.6,221.84,208.95
53,242.4,222.61,209.69
54,243.2,223.39,210.41
55,244,224.18,211.17
56,244.8,224.98,211.17
57,245.6,225.79,211.68
58,246.4,226.6,212.41
59,247.2,227.42,213.41
60,248,228.24,213.17
61,248.8,229.07,214.39
62,249.6,229.91,214.89
63,250.4,230.76,215.63
64,251.2,231.6,216.63
65,252,232.46,217.1
66,252.8,233.32,217.61
67,253.6,234.18,218.84
68,254.4,235.05,219.14
69,255.2,235.92,219.85
70,256,236.79,221.11
71,256.8,237.67,221.4
72,257.6,238.55,221.89
73,258.4,239.44,223.1
74,259.2,240.32,224.09
75,260,241.21,224.85
76,260.8,242.1,225.63
77,261.6,243,226.57
78,262.4,243.9,227.09
79,263.2,244.79,228.04
80,264,245.69,229.05
81,264.8,246.59,229.77
82,265.6,247.49,230.8
83,266.4,248.4,231.54
84,267.2,249.3,232.51
85,268,250.21,233.5
86,268.8,251.11,234.97
87,269.6,252.01,235.52
88,270.4,252.92,236.47
89,271.2,253.82,237.71
90,272,254.73,238.46
91,272.8,255.63,239.68
92,273.6,256.54,240.92
93,274.4,257.44,241.66
94,275.2,258.35,242.41
95,276,259.25,243.9
96,276.8,260.15,244.9
97,277.6,261.05,245.63
98,278.4,261.95,246.86
99,279.2,262.85,248.12
100,280,263.75,249.34
101,280.8,264.65,250.59
102,281.6,265.54,251.31
103,282.4,266.43,252.8
104,283.2,267.33,253.29
105,284,268.22,254.53
106,284.8,269.11,256
107,285.6,269.99,257.23
108,286.4,270.88,258.71
109,287.2,271.77,259.21
110,288,272.65,260.69
111,288.8,273.53,261.68
112,289.6,274.41,262.94
113,290.4,275.28,264.16
114,291.2,276.16,265.38
115,292,277.03,266.6
116,292.8,277.9,267.59
117,293.6,278.77,269.06
118,294.4,279.64,270.8
119,295.2,280.51,271.29
120,296,281.37,272.73
121,296.8,282.23,274.46
122,297.6,283.09,275.2
123,298.4,283.95,276.67
124,299.2,284.81,278.41
125,300,285.66,279.13
126,300.8,286.51,280.36
127,301.6,287.36,281.59
128,302.4,288.21,282.82
129,303.2,289.06,283.81
130,304,289.9,285.29
131,304.8,290.74,287.51
132,305.6,291.59,288.01
133,306.4,292.42,289.7
134,307.2,293.26,290.71
135,308,294.1,291.91
136,308.8,294.93,293.16
137,309.6,295.76,294.36
138,310.4,296.59,295.62
139,311.2,297.42,296.54
140,312,298.25,298.03
141,312.8,299.07,299.31
142,313.6,299.9,300.76
143,314.4,300.72,301.75
144,315.2,301.54,303.22
145,316,302.36,304.42
146,316.8,303.18,305.68
147,317.6,303.99,306.86
148,318.4,304.81,308.07
149,319.2,305.62,309.53
150,320,306.43,310.5
151,320.8,307.25,312.2
152,321.6,308.06,312.71
153,322.4,308.86,313.92
154,323.2,309.67,314.89
155,324,310.48,316.12
156,324.8,311.28,317.07
157,325.6,312.09,318.56
158,326.4,312.89,319.76
159,327.2,313.69,320.02
160,328,314.49,321.23
161,328.8,315.29,322.7
162,329.6,316.09,323.43
163,330.4,316.89,324.42
164,331.2,317.69,325.59
165,332,318.49,326.57
166,332.8,319.28,327.54
167,333.6,320.08,328.26
168,334.4,320.87,329
169,335.2,321.67,329.97
170,336,322.46,331.41
171,336.8,323.26,332.11
172,337.6,324.05,333.09
173,338.4,324.84,334.05
174,339.2,325.63,334.78
175,340,326.42,335.75
176,340.8,327.21,336.47
177,341.6,328,337.43
178,342.4,328.79,338.87
179,343.2,329.58,338.89
180,344,330.37,339.84
181,344.8,331.16,340.57
182,345.6,331.95,341.58
183,346.4,332.74,342.49
184,347.2,333.53,342.99
185,348,334.31,343.92
186,348.8,335.1,344.67
187,349.6,335.89,345.15
188,350.4,336.68,346.11
189,351.2,337.46,346.84
190,352,338.25,347.55
191,352.8,339.04,348.28
192,353.6,339.83,348.75
193,354.4,340.61,349.5
194,355.2,341.4,350.2
195,356,342.19,350.91
196,356.8,342.97,351.38
197,357.6,343.76,352.1
198,358.4,344.55,352.83
199,359.2,345.34,353.32
200,360,346.12,354.76
201,360.8,346.91,354.76
202,361.6,347.7,355.48
203,362.4,348.48,355.94
204,363.2,349.27,356.67
205,364,350.06,357.38
206,364.8,350.85,357.86
207,365.6,351.64,358.1
208,366.4,352.42,359.31
209,367.2,353.21,359.3
210,368,354,360.27
211,368.8,354.79,360.27
212,369.6,355.58,361.48
213,370.4,356.37,361.69
214,371.2,357.15,362.26
215,372,357.94,362.7
216,372.8,358.73,363.4
217,373.6,359.52,363.63
218,374.4,360.31,364.15
219,375.2,361.1,364.82
220,376,361.89,365.57
221,376.8,362.68,366.03
222,377.6,363.47,366.76
223,378.4,364.26,367
224,379.2,365.06,367.94
225,380,365.85,368.18
226,380.8,366.64,369.14
227,381.6,367.43,369.13
228,382.4,368.22,369.86
229,383.2,369.01,370.57
230,384,369.81,371.05
231,384.8,370.6,371.77
232,385.6,371.39,372.24
233,386.4,372.18,373.46
234,387.2,372.98,373.7
235,388,373.77,373.73
236,388.8,374.56,374.4
237,389.6,375.36,375.58
238,390.4,376.15,375.62
239,391.2,376.95,376.56
240,392,377.74,376.8
241,392.8,378.54,377.74
242,393.6,379.33,378
243,394.4,380.12,378.47
244,395.2,380.92,379.23
245,396,381.72,379.9
246,396.8,382.51,380.63
247,397.6,383.31,381.11
248,398.4,384.1,381.84
249,399.2,384.9,382.31
250,400,385.69,383.28
251,400.8,386.49,383.75
252,401.6,387.29,383.99
253,402.4,388.08,385.2
254,403.2,388.88,385.43
255,404,389.68,386.15
256,404.8,390.48,387.1
257,405.6,391.27,387.58
258,406.4,392.07,389.27
259,407.2,392.87,389.24
260,408,393.67,389.74
261,408.8,394.46,390.43
262,409.6,395.26,391.17
263,410.4,396.06,391.65
264,411.2,396.86,392.59
265,412,397.66,393.3
266,412.8,398.45,394.02
267,413.6,399.25,394.74
268,414.4,400.05,395.46
269,415.2,400.85,396.15
270,416,401.65,397.11
271,416.8,402.45,398.29
272,417.6,403.25,398.29
273,418.4,404.05,399.25
274,419.2,404.85,400.2
275,420,405.65,400.68
276,420.8,406.44,401.63
277,421.6,407.24,402.34
278,422.4,408.04,403.29
279,423.2,408.84,404.03
280,424,409.64,404.95
281,424.8,410.44,405.9
282,425.6,411.24,406.83
283,426.4,412.04,408.02
284,427.2,412.84,408.74
285,428,413.64,409.69
286,428.8,414.44,410.17
287,429.6,415.24,411.35
288,430.4,416.04,411.81
289,431.2,416.84,413.02
290,432,417.64,413.25
291,432.8,418.44,414.19
292,433.6,419.24,415.15
293,434.4,420.04,415.84
294,435.2,420.84,416.84
295,436,421.64,417.73
296,436.8,422.44,418.98
297,437.6,423.24,419.4
298,438.4,424.04,420.42
299,439.2,424.84,421.09
300,440,425.64,422.03
301,440.8,426.44,423.44
302,441.6,427.24,423.7
303,442.4,428.04,424.62
304,443.2,428.84,425.61
305,444,429.64,426.75
306,444.8,430.44,427.24
307,445.6,431.24,428.4
308,446.4,432.04,429.13
309,447.2,432.84,430.06
310,448,433.64,431
311,448.8,434.44,431.71
312,449.6,435.24,432.65
313,450.4,436.04,433.59
314,451.2,436.84,434.78
315,452,437.64,435.49
316,452.8,438.44,436.2
317,453.6,439.24,437.14
318,454.4,440.04,438.35
319,455.2,440.84,439.28
320,456,441.64,439.99
321,456.8,442.44,441.17
322,457.6,443.24,441.65
323,458.4,444.04,442.6
324,459.2,444.84,443.53
325,460,445.64,444.46
326,460.8,446.44,445.18
327,461.6,447.24,446.37
328,462.4,448.04,447.31
329,463.2,448.84,448.26
330,464,449.64,449.21
331,464.8,450.44,450.61
332,465.6,451.24,452.04
333,466.4,452.04,451.61
334,467.2,452.84,452.77
335,468,453.64,453.48
336,468.8,454.44,454.41
337,469.6,455.24,455.12
338,470.4,456.04,456.32
339,471.2,456.84,457.01
340,472,457.64,457.96
341,472.8,458.44,458.66
342,473.6,459.24,459.85
343,474.4,460.04,460.31
344,475.2,460.83,461.49
345,476,461.63,462.44
346,476.8,462.43,463.15
347,477.6,463.23,463.85
348,478.4,464.03,464.83
349,479.2,464.83,465.76
350,480,465.63,466.23
351,480.8,466.43,467.4
352,481.6,467.23,468.1
353,482.4,468.03,469.05
354,483.2,468.83,470.01
355,484,469.63,471.17
356,484.8,470.43,471.65
357,485.6,471.22,472.39
358,486.4,472.02,473.3
359,487.2,472.82,474.24
360,488,473.62,475.19
361,488.8,474.42,475.89
362,489.6,475.22,476.84
363,490.4,476.02,478.24
364,491.2,476.82,478.47
365,492,477.62,478.94
366,492.8,478.42,480.11
367,493.6,479.22,481.07
368,494.4,480.01,481.77
369,495.2,480.81,482.7
370,496,481.61,483.65
371,496.8,482.41,484.36
372,497.6,483.21,484.81
373,498.4,484.01,486.47
374,499.2,484.81,486.22
375,500,485.61,486.9
376,500.8,486.41,488.09
377,501.6,487.2,488.54
378,502.4,488,489.53
379,503.2,488.8,490.2
380,504,489.6,490.93
381,504.8,490.4,491.61
382,505.6,491.2,492.6
383,506.4,492,493.29
384,507.2,492.8,493.99
385,508,493.59,495.11
386,508.8,494.39,495.39
387,509.6,495.19,496.29
388,510.4,495.99,497.02
389,511.2,496.79,497.7
390,512,497.59,498.66
391,512.8,498.39,499.12
392,513.6,499.19,500.05
393,514.4,499.98,500.29
394,515.2,500.78,501.45
395,516,501.58,502.19
396,516.8,502.38,502.86
397,517.6,503.18,503.56
398,518.4,503.98,504.26
399,519.2,504.78,504.97
400,520,505.58,507.1
401,520.8,506.37,506.61
402,521.6,507.17,507.79
403,522.4,507.97,508.26
404,523.2,508.77,508.72
405,524,509.57,509.65
406,524.8,510.37,510.12
407,525.6,511.17,511.06
408,526.4,511.97,511.75
409,527.2,512.76,512.69
410,528,513.56,512.92
411,528.8,514.36,514.1
412,529.6,515.16,514.81
413,530.4,515.96,515.51
414,531.2,516.76,516.45
415,532,517.56,516.91
416,532.8,518.36,517.83
417,533.6,519.15,518.31
418,534.4,519.95,519.28
419,535.2,520.75,519.73
420,536,521.55,520.41
421,536.8,522.35,521.36
422,537.6,523.15,522.52
423,538.4,523.95,522.77
424,539.2,524.75,524.16
425,540,525.54,524.64
426,540.8,526.34,525.34
427,541.6,527.14,526.04
428,542.4,527.94,526.75
429,543.2,528.74,527.45
430,544,529.54,528.41
431,544.8,530.34,529.31
432,545.6,531.14,530.01
433,546.4,531.93,530.47
434,547.2,532.73,531.41
435,548,533.53,532.11
436,548.8,534.33,533.03
437,549.6,535.13,533.75
438,550.4,535.93,534.44
439,551.2,536.73,535.39
440,552,537.53,535.86
441,552.8,538.32,536.79
442,553.6,539.12,537.26
443,554.4,539.92,538.21
444,555.2,540.72,539.15
445,556,541.52,539.63
446,556.8,542.32,541.03
447,557.6,543.12,541.96
448,558.4,543.92,542.19
449,559.2,544.72,542.89
450,560,545.51,543.58
451,560.8,546.31,544.52
452,561.6,547.11,545.46
453,562.4,547.91,546.18
454,563.2,548.71,546.87
455,564,549.51,548.28
456,564.8,550.31,548.51
457,565.6,551.11,549.68
458,566.4,551.9,550.16
459,567.2,552.7,550.87
460,568,553.5,552.04
461,568.8,554.3,552.52
462,569.6,555.1,553.69
463,570.4,555.9,554.16
464,571.2,556.7,555.82
465,572,557.5,555.78
466,572.8,558.3,557.45
467,573.6,559.09,557.92
468,574.4,559.89,558.38
469,575.2,560.69,558.83
470,576,561.49,560.5
471,576.8,562.29,560.49
472,577.6,563.09,561.67
473,578.4,563.89,562.12
474,579.2,564.69,563.33
475,580,565.49,563.78
476,580.8,566.28,564.73
477,581.6,567.08,565.43
478,582.4,567.88,566.15
479,583.2,568.68,566.83
480,584,569.48,568.02
481,584.8,570.28,568.49
482,585.6,571.08,569.64
483,586.4,571.88,570.1
484,587.2,572.68,571.01
485,588,573.47,571.95
486,588.8,574.27,572.93
487,589.6,575.07,573.37
488,590.4,575.87,574.08
489,591.2,576.67,575.25
490,592,577.47,575.49
491,592.8,578.27,576.91
492,593.6,579.07,577.6
493,594.4,579.87,578.3
494,595.2,580.66,579.03
495,596,581.46,579.95
496,596.8,582.26,580.64
497,597.6,583.06,581.82
498,598.4,583.86,582.51
499,599.2,584.66,583.23
500,600,585.46,584.17
501,600.8,586.26,584.87
502,601.6,587.06,586.27
503,602.4,587.85,586.52
504,603.2,588.65,587.45
505,604,589.45,588.42
506,604.8,590.25,588.89
507,605.6,591.05,589.81
508,606.4,591.85,591.45
509,607.2,592.65,591.92
510,608,593.45,592.39
511,608.8,594.25,593.56
512,609.6,595.05,594.27
513,610.4,595.84,594.97
514,611.2,596.64,595.45
515,612,597.44,596.62
516,612.8,598.24,597.34
517,613.6,599.04,598.28
518,614.4,599.84,599.2
519,615.2,600.64,599.69
520,616,601.44,600.4
521,616.8,602.24,601.09
522,617.6,603.03,602.02
523,618.4,603.83,602.74
524,619.2,604.63,603.69
525,620,605.43,604.39
526,620.8,606.23,605.32
527,621.6,607.03,606.01
528,622.4,607.83,606.73
529,623.2,608.63,607.68
530,624,609.43,608.38
531,624.8,610.22,609.31
532,625.6,611.02,610.24
533,626.4,611.82,610.49
534,627.2,612.62,611.68
535,628,613.42,612.35
536,628.8,614.22,613.54
537,629.6,615.02,614
538,630.4,615.82,614.7
539,631.2,616.62,615.64
540,632,617.42,616.34
541,632.8,618.21,616.81
542,633.6,619.01,617.98
543,634.4,619.81,618.69
544,635.2,620.61,619.61
545,636,621.41,620.32
546,636.8,622.21,621.27
547,637.6,623.01,621.73
548,638.4,623.81,622.95
549,639.2,624.61,623.62
550,640,625.4,624.32
551,640.8,626.2,625.06
552,641.6,627,625.96
553,642.4,627.8,626.9
554,643.2,628.6,627.61
555,644,629.4,628.34
556,644.8,630.2,629.5
557,645.6,631,629.97
558,646.4,631.8,630.91
559,647.2,632.59,631.86
560,648,633.39,632.83
561,648.8,634.19,633.52
562,649.6,634.99,634.25
563,650.4,635.79,634.97
564,651.2,636.59,635.7
565,652,637.39,636.36
566,652.8,638.19,637.79
567,653.6,638.99,638.02
568,654.4,639.79,638.73
569,655.2,640.58,639.18
570,656,641.38,640.38
571,656.8,642.18,640.83
572,657.6,642.98,641.81
573,658.4,643.78,642.49
574,659.2,644.58,642.98
575,660,645.38,643.67
576,660.8,646.18,644.38
577,661.6,646.98,645.56
578,662.4,647.77,646.26
579,663.2,648.57,646.95
580,664,649.37,647.91
581,664.8,650.17,648.6
582,665.6,650.97,649.54
583,666.4,651.77,650.25
584,667.2,652.57,650.95
585,668,653.37,651.88
586,668.8,654.17,652.82
587,669.6,654.97,653.29
588,670.4,655.76,654.24
589,671.2,656.56,654.93
590,672,657.36,655.65
591,672.8,658.16,657.51
592,673.6,658.96,657.53
593,674.4,659.76,658.24
594,675.2,660.56,658.96
595,676,661.36,659.65
596,676.8,662.16,660.59
597,677.6,662.95,661.08
598,678.4,663.75,662.48
599,679.2,664.55,662.73
600,680,665.35,663.43
601,680.8,666.15,664.6
602,681.6,666.95,665.32
603,682.4,667.75,665.77
604,683.2,668.55,667.19
605,684,669.35,667.65
606,684.8,670.14,668.36
607,685.6,670.94,669.07
608,686.4,671.74,670.02
609,687.2,672.54,670.72
610,688,673.34,671.65
611,688.8,674.14,672.36
612,689.6,674.94,673.31
613,690.4,675.74,674.31
614,691.2,676.54,674.73
615,692,677.34,675.44
616,692.8,678.13,676.39
617,693.6,678.93,677.11
618,694.4,679.73,677.8
619,695.2,680.53,678.79
620,696,681.33,679.72
621,696.8,682.13,680.42
622,697.6,682.93,681.12
623,698.4,683.73,681.61
624,699.2,684.53,682.78
625,700,685.32,684.19
626,700.8,686.12,684.19
627,701.6,686.92,684.91
628,702.4,687.72,686.09
629,703.2,688.52,686.8
630,704,689.32,687.51
631,704.8,690.12,688.23
632,705.6,690.92,688.94
633,706.4,691.72,690.33
634,707.2,692.52,690.6
635,708,693.31,691.75
636,708.8,694.11,692.96
637,709.6,694.91,692.95
638,710.4,695.71,693.66
639,711.2,696.51,694.84
640,712,697.31,695.34
641,712.8,698.11,696.28
642,713.6,698.91,696.99
643,714.4,699.71,697.7
644,715.2,700.51,698.89
645,716,701.3,699.59
646,716.8,702.1,700.34
647,717.6,702.9,701.5
648,718.4,703.7,701.97
649,719.2,704.5,702.68
650,720,705.3,704.11
651,720.8,706.1,704.58
652,721.6,706.9,705.32
653,722.4,707.7,705.75
654,723.2,708.49,706.95
655,724,709.29,707.66
656,724.8,710.09,708.85
657,725.6,710.89,709.55
658,726.4,711.69,710.96
659,727.2,712.49,710.48
660,728,713.29,711.91
661,728.8,714.09,712.67
662,729.6,714.89,713.35
663,730.4,715.69,715.05
664,731.2,716.48,715.02
665,732,717.28,715.48
666,732.8,718.08,716.22
667,733.6,718.88,717.38
668,734.4,719.68,717.86
669,735.2,720.48,718.61
670,736,721.28,719.52
671,736.8,722.08,720.31
672,737.6,722.88,721.24
673,738.4,723.67,721.95
674,739.2,724.47,723.13
675,740,725.27,723.6
676,740.8,726.07,723.84
677,741.6,726.87,724.77
678,742.4,727.67,726.19
679,743.2,728.47,726.43
680,744,729.27,727.14
681,744.8,730.07,727.85
682,745.6,730.87,728.8
683,746.4,731.66,729.51
684,747.2,732.46,730.22
685,748,733.26,730.93
686,748.8,734.06,731.64
687,749.6,734.86,732.81
688,750.4,735.66,733.53
689,751.2,736.46,734.48
690,752,737.26,734.71
691,752.8,738.06,735.67
692,753.6,738.86,736.62
693,754.4,739.65,737.57
694,755.2,740.45,738.28
695,756,741.25,738.98
696,756.8,742.05,739.93
697,757.6,742.85,740.4
698,758.4,743.65,741.11
699,759.2,744.45,742.06
700,760,745.25,743
701,760.8,746.05,743.48
702,761.6,746.85,744.67
703,762.4,747.64,745.15
704,763.2,748.44,746.09
705,764,749.24,746.87
706,764.8,750.04,747.52
707,765.6,750.84,748.23
708,766.4,751.64,748.91
709,767.2,752.44,749.88
710,768,753.24,750.8
711,768.8,754.04,751.54
712,769.6,754.83,752.27
713,770.4,755.63,752.97
714,771.2,756.43,753.93
715,772,757.23,754.15
716,772.8,758.03,755.82
717,773.6,758.83,756.05
718,774.4,759.63,756.76
719,775.2,760.43,757.72
720,776,761.23,758.7
721,776.8,762.03,759.41
722,777.6,762.82,760.59
723,778.4,763.62,761.1
724,779.2,764.42,761.59
725,780,765.22,762.78
726,780.8,766.02,764.23
727,781.6,766.82,764.22
728,782.4,767.62,764.95
729,783.2,768.42,766.14
730,784,769.22,767.08
731,784.8,770.02,767.31
732,785.6,770.81,768.27
733,786.4,771.61,769.23
734,787.2,772.41,769.7
735,788,773.21,770.65
736,788.8,774.01,771.61
737,789.6,774.81,772.33
738,790.4,775.61,773.31
739,791.2,776.41,774.25
740,792,777.21,774.74
741,792.8,778.01,775.7
742,793.6,778.8,776.43
743,794.4,779.6,777.14
744,795.2,780.4,777.86
745,796,781.2,778.81
746,796.8,782,779.79
747,797.6,782.8,780.27
748,798.4,783.6,781.23
749,799.2,784.4,781.69
750,800,785.2,782.9
751,800.8,786,783.85
752,801.6,786.79,785.06
753,802.4,787.59,785.32
754,803.2,788.39,785.8
755,804,789.19,787.22
756,804.8,789.99,787.7
757,805.6,790.79,788.42
758,806.4,791.59,789.37
759,807.2,792.39,790.33
760,808,793.19,791.3
761,808.8,793.99,792.27
762,809.6,794.78,792.75
763,810.4,795.58,792.98
764,811.2,796.38,794.72
765,812,797.18,794.45
766,812.8,797.98,796.4
767,813.6,798.78,796.14
768,814.4,799.58,797.62
769,815.2,800.38,798.09
770,816,801.18,798.8
771,816.8,801.98,799.77
772,817.6,802.77,800
773,818.4,803.57,801.22
774,819.2,804.37,801.97
775,820,805.17,802.74
776,820.8,805.97,803.41
777,821.6,806.77,803.91
778,822.4,807.57,804.85
779,823.2,808.37,805.6
780,824,809.17,806.31
781,824.8,809.97,807.28
782,825.6,810.76,807.99
783,826.4,811.56,808.96
784,827.2,812.36,809.47
785,828,813.16,810.43
786,828.8,813.96,811.15
787,829.6,814.76,811.85
788,830.4,815.56,812.6
789,831.2,816.36,813.33
790,832,817.16,814.56
791,832.8,817.96,815.51
792,833.6,818.75,815.77
793,834.4,819.55,816.98
794,835.2,820.35,817.47
795,836,821.15,818.18
796,836.8,821.95,818.68
797,837.6,822.75,819.88
798,838.4,823.55,820.38
799,839.2,824.35,821.34
800,840,825.15,822.55
801,840.8,825.95,823.04
802,841.6,826.74,823.76
803,842.4,827.54,825.01
804,843.2,828.34,825.47
805,844,829.14,826.43
806,844.8,829.94,826.9
807,845.6,830.74,827.87
808,846.4,831.54,828.6
809,847.2,832.34,829.32
810,848,833.14,830.06
811,848.8,833.94,831.75
812,849.6,834.73,831.52
813,850.4,835.53,832.5
814,851.2,836.33,833.46
815,852,837.13,833.96
816,852.8,837.93,834.68
817,853.6,838.73,835.89
818,854.4,839.53,836.64
819,855.2,840.33,837.6
820,856,841.13,838.09
821,856.8,841.93,839.04
822,857.6,842.73,840.26
823,858.4,843.52,840.49
824,859.2,844.32,841.48
825,860,845.12,841.97
826,860.8,845.92,842.71
827,861.6,846.72,843.44
828,862.4,847.52,844.16
829,863.2,848.32,845.12
830,864,849.12,846.12
831,864.8,849.92,847.57
832,865.6,850.72,847.83
833,866.4,851.51,848.56
834,867.2,852.31,849.79
835,868,853.11,849.79
836,868.8,853.91,850.51
837,869.6,854.71,851.74
838,870.4,855.51,851.99
839,871.2,856.31,853.2
840,872,857.11,853.95
841,872.8,857.91,854.48
842,873.6,858.71,855.68
843,874.4,859.5,856.66
844,875.2,860.3,857.15
845,876,861.1,857.64
846,876.8,861.9,859.35
847,877.6,862.7,860.12
848,878.4,863.5,860.33
849,879.2,864.3,861.08
850,880,865.1,861.82
851,880.8,865.9,862.56
852,881.6,866.7,863.54
853,882.4,867.49,864.29
854,883.2,868.29,865.02
855,884,869.09,865.99
856,884.8,869.89,866.24
857,885.6,870.69,867.96
858,886.4,871.49,868.21
859,887.2,872.29,869.94
860,888,873.09,869.93
861,888.8,873.89,870.92
862,889.6,874.69,871.65
863,890.4,875.49,872.4
864,891.2,876.28,872.88
865,892,877.08,874.37
866,892.8,877.88,874.36
867,893.6,878.68,876.11
868,894.4,879.48,876.38
869,895.2,880.28,877.84
870,896,881.08,878.12
871,896.8,881.88,878.84
872,897.6,882.68,879.58
873,898.4,883.48,880.58
874,899.2,884.27,881.06
875,900,885.07,881.53
876,900.8,885.87,882.3
877,901.6,886.67,883
878,902.4,887.47,883.76
879,903.2,888.27,884.75
880,904,889.07,885.47
881,904.8,889.87,886.23
882,905.6,890.67,886.99
883,906.4,891.47,887.94
884,907.2,892.26,888.44
885,908,893.06,889.2
886,908.8,893.86,890.19
887,909.6,894.66,891.19
888,910.4,895.46,891.92
889,911.2,896.26,892.91
890,912,897.06,893.15
891,912.8,897.86,894.14
892,913.6,898.66,894.9
893,914.4,899.46,895.88
894,915.2,900.26,897.36
895,916,901.05,897.36
896,916.8,901.85,898.11
897,917.6,902.65,898.59
898,918.4,903.45,899.84
899,919.2,904.25,900.58
900,920,905.05,901.31
901,920.8,905.85,902.55
902,921.6,906.65,904.3
903,922.4,907.45,903.81
904,923.2,908.25,904.59
905,924,909.04,905.56
906,924.8,909.84,906.56
907,925.6,910.64,906.55
908,926.4,911.44,907.53
909,927.2,912.24,908.29
910,928,913.04,909.03
911,928.8,913.84,910.02
912,929.6,914.64,911.02
913,930.4,915.44,912.02
914,931.2,916.24,912.27
915,932,917.04,913.76
916,932.8,917.83,913.74
917,933.6,918.63,914.75
918,934.4,919.43,915.51
919,935.2,920.23,916.55
920,936,921.03,916.99
921,936.8,921.83,917.99
922,937.6,922.63,918.98
923,938.4,923.43,919.73
924,939.2,924.23,919.99
925,940,925.03,920.99
926,940.8,925.82,921.99
927,941.6,926.62,922.47
928,942.4,927.42,923.48
929,943.2,928.22,924.22
930,944,929.02,924.97
931,944.8,929.82,925.73
932,945.6,930.62,926.99
933,946.4,931.42,927.22
934,947.2,932.22,929.47
935,948,933.02,929.01
936,948.8,933.82,929.22
937,949.6,934.61,930.73
938,950.4,935.41,931.46
939,951.2,936.21,933.19
940,952,937.01,932.96
941,952.8,937.81,933.96
942,953.6,938.61,935.71
943,954.4,939.41,935.94
944,955.2,940.21,936.46
945,956,941.01,936.73
946,956.8,941.81,937.46
947,957.6,942.61,938.44
948,958.4,943.4,939.2
949,959.2,944.2,939.97
950,960,945,940.96
951,960.8,945.8,942.46
952,961.6,946.6,943.22
953,962.4,947.4,943.47
954,963.2,948.2,944.23
955,964,949,944.98
956,964.8,949.8,945.97
957,965.6,950.6,946.28
958,966.4,951.39,947.48
959,967.2,952.19,948.49
960,968,952.99,949.5
961,968.8,953.79,949.74
962,969.6,954.59,951.06
963,970.4,955.39,951.76
964,971.2,956.19,951.76
965,972,956.99,954.26
966,972.8,957.79,953.23
967,973.6,958.59,955.02
968,974.4,959.39,955
969,975.2,960.18,957.05
970,976,960.98,957.55
971,976.8,961.78,958.33
972,977.6,962.58,958.54
973,978.4,963.38,959.32
974,979.2,964.18,959.8
975,980,964.98,961.35
976,980.8,965.78,961.58
977,981.6,966.58,962.11
978,982.4,967.38,962.84
979,983.2,968.18,964.09
980,984,968.97,964.61
981,984.8,969.77,965.86
982,985.6,970.57,966.1
983,986.4,971.37,967.11
984,987.2,972.17,967.87
985,988,972.97,968.62
986,988.8,973.77,968.87
987,989.6,974.57,969.87
988,990.4,975.37,970.62
989,991.2,976.17,971.38
990,992,976.96,972.4
991,992.8,977.76,973.4
992,993.6,978.56,974.17
993,994.4,979.36,974.93
994,995.2,980.16,975.43
995,996,980.96,976.19
996,996.8,981.76,977.19
997,997.6,982.56,977.69
998,998.4,983.36,978.7
999,999.2,984.16,979.72
1000,1000,984.96,980.23
1001,1000,985.75,981.25
1002,1000,986.52,982
1003,1000,987.28,983
1004,1000,988.03,983.26
1005,1000,988.76,984.52
1006,1000,989.47,985.31
1007,1000,990.16,986.05
1008,1000,990.84,986.31
1009,1000,991.5,987.57
1010,1000,992.15,987.57
1011,1000,992.77,988.89
1012,1000,993.38,989.35
1013,1000,993.97,990.6
1014,1000,994.54,991.36
1015,1000,995.1,992.12
1016,1000,995.64,992.11
1017,1000,996.16,993.14
1018,1000,996.66,993.63
1019,1000,997.15,994.17
1020,1000,997.61,994.67
1021,1000,998.07,995.42
1022,1000,998.5,996.2
1023,1000,998.92,997.72
1024,1000,999.32,996.95
1025,1000,999.7,997.71
1026,1000,1000.1,998.48
1027,1000,1000.4,998.47
1028,1000,1000.8,999.23
1029,1000,1001.1,999.49
1030,1000,1001.4,999.49
1031,1000,1001.7,999.74
1032,1000,1001.9,1000.5
1033,1000,1002.2,1000.8
1034,1000,1002.4,1000.8
1035,1000,1002.7,1001.3
1036,1000,1002.9,1001.3
1037,1000,1003.1,1001.8
1038,1000,1003.3,1001.3
1039,1000,1003.4,1002.3
1040,1000,1003.6,1002
1041,1000,1003.8,1002
1042,1000,1003.9,1002
1043,1000,1004,1002.3
1044,1000,1004.1,1002
1045,1000,1004.2,1002
1046,1000,1004.3,1002
1047,1000,1004.4,1002
1048,1000,1004.5,1002
1049,1000,1004.5,1001.8
1050,1000,1004.6,1002
1051,1000,1004.6,1002
1052,1000,1004.7,1002
1053,1000,1004.7,1001.8
1054,1000,1004.7,1002
1055,1000,1004.7,1002.8
1056,1000,1004.7,1001.8
1057,1000,1004.7,1002
1058,1000,1004.7,1001.8
1059,1000,1004.7,1002.3
1060,1000,1004.7,1001.3
1061,1000,1004.6,1001.5
1062,1000,1004.6,1001.2
1063,1000,1004.5,1001.3
1064,1000,1004.5,1001.8
1065,1000,1004.4,1001.8
1066,1000,1004.4,1001.8
1067,1000,1004.3,1001.5
1068,1000,1004.2,1001.8
1069,1000,1004.2,1001.5
1070,1000,1004.1,1001.2
1071,1000,1004,999.98
1072,1000,1003.9,1000.5
1073,1000,1003.9,1000.3
1074,1000,1003.8,1000.2
1075,1000,1003.7,1000.3
1076,1000,1003.6,999.74
1077,1000,1003.5,999.51
1078,1000,1003.4,999.23
1079,1000,1003.3,999.26
1080,1000,1003.2,999.25
1081,1000,1003.1,999.26
1082,1000,1003,998.76
1083,1000,1002.9,999
1084,1000,1002.8,998.74
1085,1000,1002.7,998.48
1086,1000,1002.6,998.48
1087,1000,1002.5,998
1088,1000,1002.4,998.23
1089,1000,1002.2,997.73
1090,1000,1002.1,997.73
1091,1000,1002,997.99
1092,1000,1001.9,997.73
1093,1000,1001.8,997.49
1094,1000,1001.7,998.48
1095,1000,1001.6,997.72
1096,1000,1001.5,997.73
1097,1000,1001.4,997
1098,1000,1001.3,997.23
1099,1000,1001.2,996.97
1100,1000,1001.1,997.25
1101,1000,1001,996.99
1102,1000,1000.9,996.73
1103,1000,1000.8,996.99
1104,1000,1000.7,996.99
1105,1000,1000.6,997.27
1106,1000,1000.6,996.76
1107,1000,1000.5,996.73
1108,1000,1000.4,996.73
1109,1000,1000.3,996.73
1110,1000,1000.2,996.99
1111,1000,1000.1,996.99
1112,1000,1000,997
1113,1000,999.97,996.97
1114,1000,999.89,996.5
1115,1000,999.82,996.99
1116,1000,999.75,996.48
1117,1000,999.68,996.99
1118,1000,999.61,996.99
1119,1000,999.54,996.54
1120,1000,999.48,996.99
1121,1000,999.41,996.76
1122,1000,999.35,997
1123,1000,999.29,997.01
1124,1000,999.24,996.77
1125,1000,999.18,997
1126,1000,999.13,997.01
1127,1000,999.08,997
1128,1000,999.03,997
1129,1000,998.98,997.25
1130,1000,998.94,998.04
1131,1000,998.89,997.53
1132,1000,998.85,997.52
1133,1000,998.81,997.77
1134,1000,998.77,997.76
1135,1000,998.74,997.52
1136,1000,998.7,997.79
1137,1000,998.67,997.76
1138,1000,998.64,998.03
1139,1000,998.61,997.77
1140,1000,998.58,998.28
1141,1000,998.56,998.04
1142,1000,998.53,997.77
1143,1000,998.51,998.27
1144,1000,998.49,997.79
1145,1000,998.47,998.04
1146,1000,998.45,997.79
1147,1000,998.43,998.55
1148,1000,998.41,998.33
1149,1000,998.4,998.79
1150,1000,998.39,998.28
1151,1000,998.37,998.28
1152,1000,998.36,998.56
1153,1000,998.35,998.54
1154,1000,998.35,998.56
1155,1000,998.34,998.54
1156,1000,998.33,998.54
1157,1000,998.33,998.54
1158,1000,998.32,998.54
1159,1000,998.32,999.03
1160,1000,998.32,998.28
1161,1000,998.32,999.56
1162,1000,998.32,998.32
1163,1000,998.32,999.06
1164,1000,998.32,998.8
1165,1000,998.32,999.83
1166,1000,998.32,1000.4
1167,1000,998.33,999.6
1168,1000,998.33,999.06
1169,1000,998.34,999.1
1170,1000,998.34,998.56
1171,1000,998.35,998.85
1172,1000,998.35,999.35
1173,1000,998.36,998.56
1174,1000,998.37,999.07
1175,1000,998.38,998.55
1176,1000,998.38,998.8
1177,1000,998.39,998.83
1178,1000,998.4,998.04
1179,1000,998.41,998.29
1180,1000,998.42,998.31
1181,1000,998.43,998.29
1182,1000,998.44,998.8
1183,1000,998.45,998.54
1184,1000,998.46,998.05
1185,1000,998.48,998.54
1186,1000,998.49,998.28
1187,1000,998.5,998.8
1188,1000,998.51,998.55
1189,1000,998.52,998.31
1190,1000,998.53,998.8
1191,1000,998.55,998.04
1192,1000,998.56,998.55
1193,1000,998.57,998.29
1194,1000,998.58,998.54
1195,1000,998.59,998.55
1196,1000,998.61,998.04
1197,1000,998.62,998.03
1198,1000,998.63,998.54
1199,1000,998.64,998.27
1200,1000,998.65,998.79
1201,1000,998.67,998.26
1202,1000,998.68,998.27
1203,1000,998.69,998.51
1204,1000,998.7,998.76
1205,1000,998.71,998.78
1206,1000,998.72,998.52
1207,1000,998.74,998.28
1208,1000,998.75,998.55
1209,1000,998.76,998.54
1210,1000,998.77,998.8
1211,1000,998.78,998.54
1212,1000,998.79,998.56
1213,1000,998.8,998.55
1214,1000,998.81,998.82
1215,1000,998.82,999.06
1216,1000,998.83,998.8
1217,1000,998.84,998.82
1218,1000,998.85,998.55
1219,1000,998.86,999.04
1220,1000,998.87,999.07
1221,1000,998.88,998.8
1222,1000,998.88,998.56
1223,1000,998.89,999.07
1224,1000,998.9,998.82
1225,1000,998.91,999.07
1226,1000,998.92,998.83
1227,1000,998.92,998.82
1228,1000,998.93,999.06
1229,1000,998.94,998.82
1230,1000,998.95,998.82
1231,1000,998.95,998.57
1232,1000,998.96,998.8
1233,1000,998.97,999.06
1234,1000,998.97,998.59
1235,1000,998.98,999.06
1236,1000,998.98,998.8
1237,1000,998.99,999.31
1238,1000,998.99,999.06
1239,1000,999,998.79
1240,1000,999,999.06
1241,1000,999.01,999.32
1242,1000,999.01,999.32
1243,1000,999.02,999.07
1244,1000,999.02,998.55
1245,1000,999.02,999.07
1246,1000,999.03,999.56
1247,1000,999.03,998.82
1248,1000,999.03,998.8
1249,1000,999.04,999.32
1250,1000,999.04,999.32
1251,1000,999.04,999.32
1252,1000,999.05,999.07
1253,1000,999.05,999.06
1254,1000,999.05,999.11
1255,1000,999.05,999.32
1256,1000,999.05,999.08
1257,1000,999.06,998.8
1258,1000,999.06,999.58
1259,1000,999.06,999.86
1260,1000,999.06,999.59
1261,1000,999.06,999.36
1262,1000,999.06,999.6
1263,1000,999.06,999.62
1264,1000,999.06,999.87
1265,1000,999.07,1000.1
1266,1000,999.07,998.84
1267,1000,999.07,999.63
1268,1000,999.07,999.1
1269,1000,999.07,999.12
1270,1000,999.07,998.61
1271,1000,999.07,999.38
1272,1000,999.07,998.59
1273,1000,999.07,999.63
1274,1000,999.07,999.11
1275,1000,999.07,998.59
1276,1000,999.07,998.85
1277,1000,999.07,998.6
1278,1000,999.07,998.85
1279,1000,999.07,998.35
1280,1000,999.07,998.57
1281,1000,999.07,999.08
1282,1000,999.07,999.59
1283,1000,999.07,998.57
1284,1000,999.06,998.36
1285,1000,999.06,998.83
1286,1000,999.06,998.57
1287,1000,999.06,998.56
1288,1000,999.06,998.55
1289,1000,999.06,998.31
1290,1000,999.06,998.56
1291,1000,999.06,998.55
1292,1000,999.06,998.56
1293,1000,999.06,998.32
1294,1000,999.06,998.57
1295,1000,999.06,998.57
1296,1000,999.05,998.57
1297,1000,999.05,998.6
1298,1000,999.05,998.59
1299,1000,999.05,998.83
1300,1000,999.05,998.59
1301,1000,999.05,998.33
1302,1000,999.05,998.59
1303,1000,999.05,998.33
1304,1000,999.05,998.59
1305,1000,999.05,998.6
1306,1000,999.05,999.13
1307,1000,999.04,998.57
1308,1000,999.04,999.35
1309,1000,999.04,999.35
1310,1000,999.04,998.36
1311,1000,999.04,999.35
1312,1000,999.04,999.1
1313,1000,999.04,999.11
1314,1000,999.04,998.59
1315,1000,999.04,998.85
1316,1000,999.04,998.87
1317,1000,999.04,999.12
1318,1000,999.03,998.61
1319,1000,999.03,998.85
1320,1000,999.03,999.11
1321,1000,999.03,999.62
1322,1000,999.03,999.12
1323,1000,999.03,999.35
1324,1000,999.03,999.86
1325,1000,999.03,999.1
1326,1000,999.03,999.11
1327,1000,999.03,999.1
1328,1000,999.03,998.85
1329,1000,999.03,999.11
1330,1000,999.03,999.11
1331,1000,999.03,999.11
1332,1000,999.03,999.08
1333,1000,999.03,999.38
1334,1000,999.02,999.62
1335,1000,999.02,999.1
1336,1000,999.02,999.36
1337,1000,999.02,999.1
1338,1000,999.02,999.12
1339,1000,999.02,999.38
1340,1000,999.02,999.39
1341,1000,999.02,999.63
1342,1000,999.02,999.11
1343,1000,999.02,999.39
1344,1000,999.02,999.16
1345,1000,999.02,999.39
1346,1000,999.02,999.39
1347,1000,999.02,999.44
1348,1000,999.02,999.4
1349,1000,999.02,999.15
1350,1000,999.02,999.41
1351,1000,999.02,1000.2
1352,1000,999.02,999.4
1353,1000,999.02,999.66
1354,1000,999.02,999.13
1355,1000,999.02,999.9
1356,1000,999.02,999.39
1357,1000,999.02,1000.1
1358,1000,999.02,999.9
1359,1000,999.02,999.36
1360,1000,999.02,1000.9
1361,1000,999.02,1000.1
1362,1000,999.02,1000.9
1363,1000,999.02,1000.1
1364,1000,999.02,999.38
1365,1000,999.02,999.36
1366,1000,999.02,1000.1
1367,1000,999.02,999.11
1368,1000,999.02,999.9
1369,1000,999.02,999.11
1370,1000,999.02,999.9
1371,1000,999.02,1000.2
1372,1000,999.02,999.4
1373,1000,999.02,999.4
1374,1000,999.02,999.4
1375,1000,999.02,998.89
1376,1000,999.02,999.13
1377,1000,999.03,999.4
1378,1000,999.03,999.38
1379,1000,999.03,999.12
1380,1000,999.03,999.12
1381,1000,999.03,999.39
1382,1000,999.03,999.13
1383,1000,999.03,999.63
1384,1000,999.03,999.12
1385,1000,999.03,999.12
1386,1000,999.03,999.4
1387,1000,999.03,999.15
1388,1000,999.03,999.64
1389,1000,999.03,999.15
1390,1000,999.03,1000.2
1391,1000,999.03,999.15
1392,1000,999.03,999.4
1393,1000,999.03,999.16
1394,1000,999.03,999.41
1395,1000,999.03,998.89
1396,1000,999.03,999.15
1397,1000,999.03,999.67
1398,1000,999.03,998.89
1399,1000,999.03,999.15
1400,1000,999.03,999.4
1401,1000,999.04,999.15
1402,1000,999.04,998.89
1403,1000,999.04,999.16
1404,1000,999.04,999.15
1405,1000,999.04,999.4
1406,1000,999.04,999.41
1407,1000,999.04,999.66
1408,1000,999.04,999.4
1409,1000,999.04,999.41
1410,1000,999.04,999.41
1411,1000,999.04,999.68
1412,1000,999.04,999.67
1413,1000,999.04,999.41
1414,1000,999.04,999.41
1415,1000,999.04,999.4
1416,1000,999.04,999.41
1417,1000,999.04,999.16
1418,1000,999.04,999.67
1419,1000,999.04,999.43
1420,1000,999.04,999.43
1421,1000,999.04,998.94
1422,1000,999.04,999.43
1423,1000,999.05,999.44
1424,1000,999.05,1000.2
1425,1000,999.05,999.92
1426,1000,999.05,999.69
1427,1000,999.05,999.95
1428,1000,999.05,999.19
1429,1000,999.05,999.44
1430,1000,999.05,1000.4
1431,1000,999.05,999.2
1432,1000,999.05,999.45
1433,1000,999.05,999.71
1434,1000,999.05,999.45
1435,1000,999.05,999.47
1436,1000,999.05,999.45
1437,1000,999.05,999.72
1438,1000,999.05,999.44
1439,1000,999.05,999.71
1440,1000,999.05,999.45
1441,1000,999.05,999.47
1442,1000,999.05,999.48
1443,1000,999.05,999.48
1444,1000,999.05,999.48
1445,1000,999.05,999.75
1446,1000,999.06,999.99
1447,1000,999.06,999.73
1448,1000,999.06,999.48
1449,1000,999.06,999.49
1450,1000,999.06,1000
1451,1000,999.06,1000.2
1452,1000,999.06,1000.2
1453,1000,999.06,999.76
1454,1000,999.06,1000.5
1455,1000,999.06,1000.2
1456,1000,999.06,1000.8
1457,1000,999.06,1000.3
1458,1000,999.06,1000.2
1459,1000,999.06,1000.2
1460,1000,999.06,1000.2
1461,1000,999.06,1000
1462,1000,999.06,999.72
1463,1000,999.06,1000
1464,1000,999.06,999.47
1465,1000,999.06,999.8
1466,1000,999.06,999.72
1467,1000,999.06,999.26
1468,1000,999.06,999.49
1469,1000,999.06,999.49
1470,1000,999.06,999.49
1471,1000,999.06,999.21
1472,1000,999.06,999.47
1473,1000,999.06,999.48
1474,1000,999.07,1000.2
1475,1000,999.07,999.71
1476,1000,999.07,999.49
1477,1000,999.07,999.68
1478,1000,999.07,999.71
1479,1000,999.07,999.19
1480,1000,999.07,999.44
1481,1000,999.07,999.44
1482,1000,999.07,999.44
1483,1000,999.07,999.43
1484,1000,999.07,999.4
1485,1000,999.07,999.41
1486,1000,999.07,1000.2
1487,1000,999.07,999.67
1488,1000,999.07,999.4
1489,1000,999.07,999.38
1490,1000,999.07,999.38
1491,1000,999.07,999.64
1492,1000,999.07,999.12
1493,1000,999.07,999.38
1494,1000,999.07,999.39
1495,1000,999.07,999.66
1496,1000,999.07,999.4
1497,1000,999.07,999.39
1498,1000,999.07,999.66
1499,1000,999.07,999.4
1500,1000,999.07,999.66
1501,1000,999.07,999.15
1502,1000,999.07,999.15
1503,1000,999.07,999.67
1504,1000,999.07,999.67
1505,1000,999.08,999.72
1506,1000,999.08,999.67
1507,1000,999.08,999.41
1508,1000,999.08,999.68
1509,1000,999.08,999.67
1510,1000,999.08,999.43
1511,1000,999.08,999.67
1512,1000,999.08,999.68
1513,1000,999.08,999.94
1514,1000,999.08,999.94
1515,1000,999.08,999.43
1516,1000,999.08,1000.2
1517,1000,999.08,999.69
1518,1000,999.08,1000.5
1519,1000,999.08,999.73
1520,1000,999.08,999.44
1521,1000,999.08,1000.7
1522,1000,999.08,999.44
1523,1000,999.08,999.71
1524,1000,999.08,999.71
1525,1000,999.08,999.96
1526,1000,999.08,999.73
1527,1000,999.08,999.97
1528,1000,999.08,999.73
1529,1000,999.08,999.99
1530,1000,999.08,1000
1531,1000,999.08,999.75
1532,1000,999.08,999.77
1533,1000,999.08,999.75
1534,1000,999.08,999.76
1535,1000,999.08,999.76
1536,1000,999.08,999.75
1537,1000,999.08,999.76
1538,1000,999.08,1000.8
1539,1000,999.09,1000
1540,1000,999.09,1000
1541,1000,999.09,1000
1542,1000,999.09,1000
1543,1000,999.09,1000.3
1544,1000,999.09,1000.5
1545,1000,999.09,1000.3
1546,1000,999.09,999.53
1547,1000,999.09,1000.3
1548,1000,999.09,1000
1549,1000,999.09,1000.8
1550,1000,999.09,1000
1551,1000,999.09,999.81
1552,1000,999.09,1000.9
1553,1000,999.09,999.8
1554,1000,999.09,1000.3
1555,1000,999.09,1000.5
1556,1000,999.09,1000.8
1557,1000,999.09,1000.3
1558,1000,999.09,1000.4
1559,1000,999.09,999.53
1560,1000,999.09,999.81
1561,1000,999.09,999.76
1562,1000,999.09,1000.8
1563,1000,999.09,1000
1564,1000,999.09,999.8
1565,1000,999.09,999.78
1566,1000,999.09,999.77
1567,1000,999.09,999.77
1568,1000,999.09,1000.6
1569,1000,999.09,999.76
1570,1000,999.09,999.5
1571,1000,999.09,999.52
1572,1000,999.1,999.29
1573,1000,999.1,999.52
1574,1000,999.1,999.8
1575,1000,999.1,999.5
1576,1000,999.1,999.52
1577,1000,999.1,999.78
1578,1000,999.1,1000.3
1579,1000,999.1,999.52
1580,1000,999.1,999.52
1581,1000,999.1,999.52
1582,1000,999.1,999.52
1583,1000,999.1,999.49
1584,1000,999.1,999.5
1585,1000,999.1,999.75
1586,1000,999.1,1000.5
1587,1000,999.1,999.5
1588,1000,999.1,999.49
1589,1000,999.1,999.76
1590,1000,999.1,999.52
1591,1000,999.1,999.75
1592,1000,999.1,999.52
1593,1000,999.1,999.5
1594,1000,999.1,999.76
1595,1000,999.1,999.76
1596,1000,999.1,999.49
1597,1000,999.1,999.5
1598,1000,999.1,999.77
1599,1000,999.1,999.76
1600,1000,999.1,999.52
1601,1000,999.1,999.5
1602,1000,999.1,999.76
1603,1000,999.1,1000.5
1604,1000,999.11,999.5
1605,1000,999.11,999.77
1606,1000,999.11,999.49
1607,1000,999.11,999.75
1608,1000,999.11,999.75
1609,1000,999.11,999.48
1610,1000,999.11,1000.2
1611,1000,999.11,1000
1612,1000,999.11,1000.3
1613,1000,999.11,999.76
1614,1000,999.11,999.75
1615,1000,999.11,999.76
1616,1000,999.11,1000
1617,1000,999.11,1000.3
1618,1000,999.11,1000.2
1619,1000,999.11,999.73
1620,1000,999.11,998.49
1621,1000,999.11,997.98
1622,1000,999.11,997.23
1623,1000,999.11,996.48
1624,1000,999.11,995.95
1625,1000,999.11,994.45
1626,1000,999.11,993.68
1627,1000,999.11,992.96
1628,1000,999.11,991.67
1629,1000,999.11,989.13
1630,1000,999.11,986.85
1631,1000,999.11,984.83
1632,1000,999.11,982.54
1633,1000,999.11,979.51
1634,1000,999.11,977.23
1635,1000,999.11,974.2
1636,1000,999.11,970.43
1637,1000,999.12,967.4
1638,1000,999.12,964.14
1639,1000,999.12,961.37
1640,1000,999.12,958.11
1641,1000,999.12,955.08
1642,1000,999.12,954.12
1643,1000,999.12,948.81
1644,1000,999.12,945.6
1645,1000,999.12,943.05
1646,1000,999.12,940.6
1647,1000,999.12,937.1
1648,1000,999.12,935.62
1649,1000,999.12,932.09
1650,1000,999.12,930.64
1651,1000,999.12,928.7
1652,1000,999.12,925.41
1653,1000,999.12,923.44
1654,1000,999.12,921.19
1655,1000,999.12,919.2
1656,1000,999.12,916.74
1657,1000,999.12,915.24
1658,1000,999.12,913.03
1659,1000,999.12,911.8
1660,1000,999.12,909.58
1661,1000,999.12,907.64
1662,1000,999.12,905.67
1663,1000,999.12,904.46
1664,1000,999.12,902.98
1665,1000,999.12,901.27
1666,1000,999.12,899.82
1667,1000,999.12,898.6
1668,1000,999.12,896.89
1669,1000,999.12,895.9
1670,1000,999.13,893.97
1671,1000,999.13,893.25
1672,1000,999.13,891.78
1673,1000,999.13,890.6
1674,1000,999.13,889.42
1675,1000,999.13,888.24
1676,1000,999.13,887.06
1677,1000,999.13,885.88
1678,1000,999.13,884.7
1679,1000,999.13,883.52
1680,1000,999.13,882.34
1681,1000,999.13,881.16
1682,1000,999.13,879.98
1683,1000,999.13,878.8
1684,1000,999.13,877.62
1685,1000,999.13,876.44
1686,1000,999.13,875.26
1687,1000,999.13,874.08
1688,1000,999.13,872.9
1689,1000,999.13,871.72
1690,1000,999.13,870.54
1691,1000,999.13,869.36
1692,1000,999.13,868.18
1693,1000,999.13,867
1694,1000,999.13,865.82
1695,1000,999.13,864.64
1696,1000,999.13,863.46
1697,1000,999.13,862.28
1698,1000,999.13,861.1
1699,1000,999.13,859.92
1700,1000,999.13,858.74
1701,1000,999.13,857.56
1702,1000,999.13,856.38
1703,1000,999.14,855.2
1704,1000,999.14,854.02
1705,1000,999.14,852.84
1706,1000,999.14,851.66
1707,1000,999.14,850.48
1708,1000,999.14,849.3
1709,1000,999.14,848.12
1710,1000,999.14,846.94
1711,1000,999.14,845.76
1712,1000,999.14,844.58
1713,1000,999.14,843.4
1714,1000,999.14,842.22
1715,1000,999.14,841.04
1716,1000,999.14,839.86
1717,1000,999.14,838.68
1718,1000,999.14,837.5
1719,1000,999.14,836.32
1720,1000,999.14,835.14
1721,1000,999.14,833.96
1722,1000,999.14,832.78
1723,1000,999.14,831.6
1724,1000,999.14,830.42
1725,1000,999.14,829.24
1726,1000,999.14,828.06
1727,1000,999.14,826.88
1728,1000,999.14,825.7
1729,1000,999.14,824.52
1730,1000,999.14,823.34
1731,1000,999.14,822.16
1732,1000,999.14,820.98
1733,1000,999.14,819.8
1734,1000,999.14,818.62
1735,1000,999.14,817.44
1736,1000,999.14,816.26
1737,1000,999.15,815.08
1738,1000,999.15,813.9
1739,1000,999.15,812.72
1740,1000,999.15,811.54
1741,1000,999.15,810.36
1742,1000,999.15,809.18
1743,1000,999.15,808
1744,1000,999.15,806.82
1745,1000,999.15,805.64
1746,1000,999.15,804.46
1747,1000,999.15,803.28
1748,1000,999.15,802.1
1749,1000,999.15,800.92
1750,1000,999.15,799.74
1751,1000,999.15,798.56
1752,1000,999.15,797.38
1753,1000,999.15,796.2
1754,1000,999.15,795.02
1755,1000,999.15,793.84
1756,1000,999.15,792.66
1757,1000,999.15,791.48
1758,1000,999.15,790.3
1759,1000,999.15,789.12
1760,1000,999.15,787.94
1761,1000,999.15,786.76
1762,1000,999.15,785.58
1763,1000,999.15,784.4
1764,1000,999.15,783.22
1765,1000,999.15,782.04
1766,1000,999.15,780.86
1767,1000,999.15,779.68
1768,1000,999.15,778.5
1769,1000,999.15,777.32
1770,1000,999.15,776.14
1771,1000,999.15,774.96
1772,1000,999.16,773.78
1773,1000,999.16,772.6
1774,1000,999.16,771.42
1775,1000,999.16,770.24
1776,1000,999.16,769.06
1777,1000,999.16,767.88
1778,1000,999.16,766.7
1779,1000,999.16,765.52
1780,1000,999.16,764.34
1781,1000,999.16,763.16
1782,1000,999.16,761.98
1783,1000,999.16,760.8
1784,1000,999.16,759.62
1785,1000,999.16,758.44
1786,1000,999.16,757.26
1787,1000,999.16,756.08
1788,1000,999.16,754.9
1789,1000,999.16,753.72
1790,1000,999.16,752.54
1791,1000,999.16,751.36
1792,1000,999.16,750.18
1793,1000,999.16,749
1794,1000,999.16,747.82
1795,1000,999.16,746.64
1796,1000,999.16,745.46
1797,1000,999.16,744.28
1798,1000,999.16,743.1
1799,1000,999.16,741.92
1800,1000,999.16,740.74
1801,1000,999.16,739.56
1802,1000,999.16,738.38
1803,1000,999.16,737.2
1804,1000,999.16,736.02
1805,1000,999.16,734.84
1806,1000,999.16,733.66
1807,1000,999.17,732.48
1808,1000,999.17,731.3
1809,1000,999.17,730.12
1810,1000,999.17,728.94
1811,1000,999.17,727.76
1812,1000,999.17,726.58
1813,1000,999.17,725.4
1814,1000,999.17,724.22
1815,1000,999.17,723.04
1816,1000,999.17,721.86
1817,1000,999.17,720.68
1818,1000,999.17,719.5
1819,1000,999.17,718.32
1820,1000,999.17,717.14
1821,1000,999.17,715.96
1822,1000,999.17,714.78
1823,1000,999.17,713.6
1824,1000,999.17,712.42
1825,1000,999.17,711.24
1826,1000,999.17,710.06
1827,1000,999.17,708.88
1828,1000,999.17,707.7
1829,1000,999.17,706.52
1830,1000,999.17,705.34
1831,1000,999.17,704.16
1832,1000,999.17,702.98
1833,1000,999.17,701.8
1834,1000,999.17,700.62
1835,1000,999.17,699.44
1836,1000,999.17,698.26
1837,1000,999.17,697.08
1838,1000,999.17,695.9
1839,1000,999.17,694.72
1840,1000,999.17,693.54
1841,1000,999.17,692.36
1842,1000,999.18,691.18
1843,1000,999.18,690
1844,1000,999.18,688.82
1845,1000,999.18,687.64
1846,1000,999.18,686.46
1847,1000,999.18,685.28
1848,1000,999.18,684.1
1849,1000,999.18,682.92
1850,1000,999.18,681.74
1851,1000,999.18,680.56
1852,1000,999.18,679.38
1853,1000,999.18,678.2
1854,1000,999.18,677.02
1855,1000,999.18,675.84
1856,1000,999.18,674.66
1857,1000,999.18,673.48
1858,1000,999.18,672.3
1859,1000,999.18,671.12
1860,1000,999.18,669.94
1861,1000,999.18,668.76
1862,1000,999.18,667.58
1863,1000,999.18,666.4
1864,1000,999.18,665.22
1865,1000,999.18,664.04
1866,1000,999.18,662.86
1867,1000,999.18,661.68
1868,1000,999.18,660.5
1869,1000,999.18,659.32
1870,1000,999.18,658.14
1871,1000,999.18,656.96
1872,1000,999.18,655.78
1873,1000,999.18,654.6
1874,1000,999.18,653.42
1875,1000,999.18,652.24
1876,1000,999.18,651.06
1877,1000,999.19,649.88
1878,1000,999.19,648.7
1879,1000,999.19,647.52
1880,1000,999.19,646.34
1881,1000,999.19,645.16
1882,1000,999.19,643.98
1883,1000,999.19,642.8
1884,1000,999.19,641.62
1885,1000,999.19,640.44
1886,1000,999.19,639.26
1887,1000,999.19,638.08
1888,1000,999.19,636.9
1889,1000,999.19,635.72
1890,1000,999.19,634.54
1891,1000,999.19,633.36
1892,1000,999.19,632.18
1893,1000,999.19,631
1894,1000,999.19,629.82
1895,1000,999.19,628.64
1896,1000,999.19,627.46
1897,1000,999.19,626.28
1898,1000,999.19,625.1
1899,1000,999.19,623.92
1900,1000,999.19,622.74
1901,1000,999.19,621.56
1902,1000,999.19,620.38
1903,1000,999.19,619.2
1904,1000,999.19,618.02
1905,1000,999.19,616.84
1906,1000,999.19,615.66
1907,1000,999.19,614.48
1908,1000,999.19,613.3
1909,1000,999.19,612.12
1910,1000,999.19,610.94
1911,1000,999.19,609.76
1912,1000,999.19,608.58
1913,1000,999.2,607.4
1914,1000,999.2,606.22
1915,1000,999.2,605.04
1916,1000,999.2,603.86
1917,1000,999.2,602.68
1918,1000,999.2,601.5
1919,1000,999.2,600.32
1920,1000,999.2,599.14
1921,1000,999.2,597.96
1922,1000,999.2,596.78
1923,1000,999.2,595.6
1924,1000,999.2,594.42
1925,1000,999.2,593.24
1926,1000,999.2,592.06
1927,1000,999.2,590.88
1928,1000,999.2,589.7
1929,1000,999.2,588.52
1930,1000,999.2,587.34
1931,1000,999.2,586.16
1932,1000,999.2,584.98
1933,1000,999.2,583.8
1934,1000,999.2,582.62
1935,1000,999.2,581.44
1936,1000,999.2,580.26
1937,1000,999.2,579.08
1938,1000,999.2,577.9
1939,1000,999.2,576.72
1940,1000,999.2,575.54
1941,1000,999.2,574.36
1942,1000,999.2,573.18
1943,1000,999.2,572
1944,1000,999.2,570.82
1945,1000,999.2,569.64
1946,1000,999.2,568.46
1947,1000,999.2,567.28
1948,1000,999.2,566.1
1949,1000,999.2,564.92
1950,1000,999.21,563.74
1951,1000,999.21,562.56
1952,1000,999.21,561.38
1953,1000,999.21,560.2
1954,1000,999.21,559.02
1955,1000,999.21,557.84
1956,1000,999.21,556.66
1957,1000,999.21,555.48
1958,1000,999.21,554.3
1959,1000,999.21,553.12
1960,1000,999.21,551.94
1961,1000,999.21,550.76
1962,1000,999.21,549.58
1963,1000,999.21,548.4
1964,1000,999.21,547.22
1965,1000,999.21,546.04
1966,1000,999.21,544.86
1967,1000,999.21,543.68
1968,1000,999.21,542.5
1969,1000,999.21,541.32
1970,1000,999.21,540.14
1971,1000,999.21,538.96
1972,1000,999.21,537.78
1973,1000,999.21,536.6
1974,1000,999.21,535.42
1975,1000,999.21,534.24
1976,1000,999.21,533.06
1977,1000,999.21,531.88
1978,1000,999.21,530.7
1979,1000,999.21,529.52
1980,1000,999.21,528.34
1981,1000,999.21,527.16
1982,1000,999.21,525.98
1983,1000,999.21,524.8
1984,1000,999.21,523.62
1985,1000,999.21,522.44
1986,1000,999.21,521.26
1987,1000,999.22,520.08
1988,1000,999.22,518.9
1989,1000,999.22,517.72
1990,1000,999.22,516.54
1991,1000,999.22,515.36
1992,1000,999.22,514.18
1993,1000,999.22,513
1994,1000,999.22,511.82
1995,1000,999.22,510.64
1996,1000,999.22,509.46
1997,1000,999.22,508.28
1998,1000,999.22,507.1
1999,1000,999.22,505.92
2000,1000,999.22,504.74
